n,action,target,affected,minimum_cardinality,context
4,Request_1,tau_1,True,0,[]
4,Request_1,tau_2,False,,
4,Request_1,tau_3,False,,
4,Request_1,tau_4,False,,
4,Request_1,zeta_kappa_1_2,True,1,"[""zeta_kappa_1_2""]"
4,Request_1,zeta_kappa_1_3,True,1,"[""zeta_kappa_1_3""]"
4,Request_1,zeta_kappa_1_4,True,1,"[""zeta_kappa_1_4""]"
4,Request_1,zeta_kappa_2_3,False,,
4,Request_1,zeta_kappa_2_4,False,,
4,Request_1,zeta_kappa_3_4,False,,
4,Request_2,tau_1,False,,
4,Request_2,tau_2,True,0,[]
4,Request_2,tau_3,False,,
4,Request_2,tau_4,False,,
4,Request_2,zeta_kappa_1_2,True,1,"[""zeta_kappa_1_2""]"
4,Request_2,zeta_kappa_1_3,False,,
4,Request_2,zeta_kappa_1_4,False,,
4,Request_2,zeta_kappa_2_3,True,1,"[""zeta_kappa_2_3""]"
4,Request_2,zeta_kappa_2_4,True,1,"[""zeta_kappa_2_4""]"
4,Request_2,zeta_kappa_3_4,False,,
4,Request_3,tau_1,False,,
4,Request_3,tau_2,False,,
4,Request_3,tau_3,True,0,[]
4,Request_3,tau_4,False,,
4,Request_3,zeta_kappa_1_2,False,,
4,Request_3,zeta_kappa_1_3,True,1,"[""zeta_kappa_1_3""]"
4,Request_3,zeta_kappa_1_4,False,,
4,Request_3,zeta_kappa_2_3,True,1,"[""zeta_kappa_2_3""]"
4,Request_3,zeta_kappa_2_4,False,,
4,Request_3,zeta_kappa_3_4,True,1,"[""zeta_kappa_3_4""]"
4,Request_4,tau_1,False,,
4,Request_4,tau_2,False,,
4,Request_4,tau_3,False,,
4,Request_4,tau_4,True,0,[]
4,Request_4,zeta_kappa_1_2,False,,
4,Request_4,zeta_kappa_1_3,False,,
4,Request_4,zeta_kappa_1_4,True,1,"[""zeta_kappa_1_4""]"
4,Request_4,zeta_kappa_2_3,False,,
4,Request_4,zeta_kappa_2_4,True,1,"[""zeta_kappa_2_4""]"
4,Request_4,zeta_kappa_3_4,True,1,"[""zeta_kappa_3_4""]"
4,Grant_1,tau_1,True,0,[]
4,Grant_1,tau_2,True,1,"[""tau_2""]"
4,Grant_1,tau_3,True,1,"[""tau_3""]"
4,Grant_1,tau_4,True,1,"[""tau_4""]"
4,Grant_1,zeta_kappa_1_2,False,,
4,Grant_1,zeta_kappa_1_3,False,,
4,Grant_1,zeta_kappa_1_4,False,,
4,Grant_1,zeta_kappa_2_3,False,,
4,Grant_1,zeta_kappa_2_4,False,,
4,Grant_1,zeta_kappa_3_4,False,,
4,Grant_2,tau_1,True,1,"[""tau_1""]"
4,Grant_2,tau_2,True,0,[]
4,Grant_2,tau_3,True,1,"[""tau_3""]"
4,Grant_2,tau_4,True,1,"[""tau_4""]"
4,Grant_2,zeta_kappa_1_2,False,,
4,Grant_2,zeta_kappa_1_3,False,,
4,Grant_2,zeta_kappa_1_4,False,,
4,Grant_2,zeta_kappa_2_3,False,,
4,Grant_2,zeta_kappa_2_4,False,,
4,Grant_2,zeta_kappa_3_4,False,,
4,Grant_3,tau_1,True,1,"[""tau_1""]"
4,Grant_3,tau_2,True,1,"[""tau_2""]"
4,Grant_3,tau_3,True,0,[]
4,Grant_3,tau_4,True,1,"[""tau_4""]"
4,Grant_3,zeta_kappa_1_2,False,,
4,Grant_3,zeta_kappa_1_3,False,,
4,Grant_3,zeta_kappa_1_4,False,,
4,Grant_3,zeta_kappa_2_3,False,,
4,Grant_3,zeta_kappa_2_4,False,,
4,Grant_3,zeta_kappa_3_4,False,,
4,Grant_4,tau_1,True,1,"[""tau_1""]"
4,Grant_4,tau_2,True,1,"[""tau_2""]"
4,Grant_4,tau_3,True,1,"[""tau_3""]"
4,Grant_4,tau_4,True,0,[]
4,Grant_4,zeta_kappa_1_2,False,,
4,Grant_4,zeta_kappa_1_3,False,,
4,Grant_4,zeta_kappa_1_4,False,,
4,Grant_4,zeta_kappa_2_3,False,,
4,Grant_4,zeta_kappa_2_4,False,,
4,Grant_4,zeta_kappa_3_4,False,,
4,Enter_1,tau_1,True,0,[]
4,Enter_1,tau_2,False,,
4,Enter_1,tau_3,False,,
4,Enter_1,tau_4,False,,
4,Enter_1,zeta_kappa_1_2,True,0,[]
4,Enter_1,zeta_kappa_1_3,True,0,[]
4,Enter_1,zeta_kappa_1_4,True,0,[]
4,Enter_1,zeta_kappa_2_3,False,,
4,Enter_1,zeta_kappa_2_4,False,,
4,Enter_1,zeta_kappa_3_4,False,,
4,Enter_2,tau_1,False,,
4,Enter_2,tau_2,True,0,[]
4,Enter_2,tau_3,False,,
4,Enter_2,tau_4,False,,
4,Enter_2,zeta_kappa_1_2,True,0,[]
4,Enter_2,zeta_kappa_1_3,False,,
4,Enter_2,zeta_kappa_1_4,False,,
4,Enter_2,zeta_kappa_2_3,True,0,[]
4,Enter_2,zeta_kappa_2_4,True,0,[]
4,Enter_2,zeta_kappa_3_4,False,,
4,Enter_3,tau_1,False,,
4,Enter_3,tau_2,False,,
4,Enter_3,tau_3,True,0,[]
4,Enter_3,tau_4,False,,
4,Enter_3,zeta_kappa_1_2,False,,
4,Enter_3,zeta_kappa_1_3,True,0,[]
4,Enter_3,zeta_kappa_1_4,False,,
4,Enter_3,zeta_kappa_2_3,True,0,[]
4,Enter_3,zeta_kappa_2_4,False,,
4,Enter_3,zeta_kappa_3_4,True,0,[]
4,Enter_4,tau_1,False,,
4,Enter_4,tau_2,False,,
4,Enter_4,tau_3,False,,
4,Enter_4,tau_4,True,0,[]
4,Enter_4,zeta_kappa_1_2,False,,
4,Enter_4,zeta_kappa_1_3,False,,
4,Enter_4,zeta_kappa_1_4,True,0,[]
4,Enter_4,zeta_kappa_2_3,False,,
4,Enter_4,zeta_kappa_2_4,True,0,[]
4,Enter_4,zeta_kappa_3_4,True,0,[]
4,Exit_1,tau_1,True,0,[]
4,Exit_1,tau_2,False,,
4,Exit_1,tau_3,False,,
4,Exit_1,tau_4,False,,
4,Exit_1,zeta_kappa_1_2,True,0,[]
4,Exit_1,zeta_kappa_1_3,True,0,[]
4,Exit_1,zeta_kappa_1_4,True,0,[]
4,Exit_1,zeta_kappa_2_3,False,,
4,Exit_1,zeta_kappa_2_4,False,,
4,Exit_1,zeta_kappa_3_4,False,,
4,Exit_2,tau_1,False,,
4,Exit_2,tau_2,True,0,[]
4,Exit_2,tau_3,False,,
4,Exit_2,tau_4,False,,
4,Exit_2,zeta_kappa_1_2,True,0,[]
4,Exit_2,zeta_kappa_1_3,False,,
4,Exit_2,zeta_kappa_1_4,False,,
4,Exit_2,zeta_kappa_2_3,True,0,[]
4,Exit_2,zeta_kappa_2_4,True,0,[]
4,Exit_2,zeta_kappa_3_4,False,,
4,Exit_3,tau_1,False,,
4,Exit_3,tau_2,False,,
4,Exit_3,tau_3,True,0,[]
4,Exit_3,tau_4,False,,
4,Exit_3,zeta_kappa_1_2,False,,
4,Exit_3,zeta_kappa_1_3,True,0,[]
4,Exit_3,zeta_kappa_1_4,False,,
4,Exit_3,zeta_kappa_2_3,True,0,[]
4,Exit_3,zeta_kappa_2_4,False,,
4,Exit_3,zeta_kappa_3_4,True,0,[]
4,Exit_4,tau_1,False,,
4,Exit_4,tau_2,False,,
4,Exit_4,tau_3,False,,
4,Exit_4,tau_4,True,0,[]
4,Exit_4,zeta_kappa_1_2,False,,
4,Exit_4,zeta_kappa_1_3,False,,
4,Exit_4,zeta_kappa_1_4,True,0,[]
4,Exit_4,zeta_kappa_2_3,False,,
4,Exit_4,zeta_kappa_2_4,True,0,[]
4,Exit_4,zeta_kappa_3_4,True,0,[]
4,Release_1,tau_1,True,0,[]
4,Release_1,tau_2,True,1,"[""tau_2""]"
4,Release_1,tau_3,True,1,"[""tau_3""]"
4,Release_1,tau_4,True,1,"[""tau_4""]"
4,Release_1,zeta_kappa_1_2,False,,
4,Release_1,zeta_kappa_1_3,False,,
4,Release_1,zeta_kappa_1_4,False,,
4,Release_1,zeta_kappa_2_3,False,,
4,Release_1,zeta_kappa_2_4,False,,
4,Release_1,zeta_kappa_3_4,False,,
4,Release_2,tau_1,True,1,"[""tau_1""]"
4,Release_2,tau_2,True,0,[]
4,Release_2,tau_3,True,1,"[""tau_3""]"
4,Release_2,tau_4,True,1,"[""tau_4""]"
4,Release_2,zeta_kappa_1_2,False,,
4,Release_2,zeta_kappa_1_3,False,,
4,Release_2,zeta_kappa_1_4,False,,
4,Release_2,zeta_kappa_2_3,False,,
4,Release_2,zeta_kappa_2_4,False,,
4,Release_2,zeta_kappa_3_4,False,,
4,Release_3,tau_1,True,1,"[""tau_1""]"
4,Release_3,tau_2,True,1,"[""tau_2""]"
4,Release_3,tau_3,True,0,[]
4,Release_3,tau_4,True,1,"[""tau_4""]"
4,Release_3,zeta_kappa_1_2,False,,
4,Release_3,zeta_kappa_1_3,False,,
4,Release_3,zeta_kappa_1_4,False,,
4,Release_3,zeta_kappa_2_3,False,,
4,Release_3,zeta_kappa_2_4,False,,
4,Release_3,zeta_kappa_3_4,False,,
4,Release_4,tau_1,True,1,"[""tau_1""]"
4,Release_4,tau_2,True,1,"[""tau_2""]"
4,Release_4,tau_3,True,1,"[""tau_3""]"
4,Release_4,tau_4,True,0,[]
4,Release_4,zeta_kappa_1_2,False,,
4,Release_4,zeta_kappa_1_3,False,,
4,Release_4,zeta_kappa_1_4,False,,
4,Release_4,zeta_kappa_2_3,False,,
4,Release_4,zeta_kappa_2_4,False,,
4,Release_4,zeta_kappa_3_4,False,,
