config_id,n,B,r,protocol,status
A_quota_n2_B1_r1_local,2,1,1,local,COUNTEREXAMPLE
A_quota_n2_B1_r1_pairwise,2,1,1,pairwise,COUNTEREXAMPLE
A_quota_n2_B1_r1_check_then_commit,2,1,1,check_then_commit,COUNTEREXAMPLE
A_quota_n2_B1_r1_quota,2,1,1,quota,SAFE_EXHAUSTIVE
A_quota_n3_B1_r1_local,3,1,1,local,COUNTEREXAMPLE
A_quota_n3_B1_r1_pairwise,3,1,1,pairwise,COUNTEREXAMPLE
A_quota_n3_B1_r1_check_then_commit,3,1,1,check_then_commit,COUNTEREXAMPLE
A_quota_n3_B1_r1_quota,3,1,1,quota,SAFE_EXHAUSTIVE
A_quota_n4_B1_r1_local,4,1,1,local,COUNTEREXAMPLE
A_quota_n4_B1_r1_pairwise,4,1,1,pairwise,COUNTEREXAMPLE
A_quota_n4_B1_r1_check_then_commit,4,1,1,check_then_commit,COUNTEREXAMPLE
A_quota_n4_B1_r1_quota,4,1,1,quota,SAFE_EXHAUSTIVE
A_quota_n5_B1_r1_local,5,1,1,local,COUNTEREXAMPLE
A_quota_n5_B1_r1_pairwise,5,1,1,pairwise,COUNTEREXAMPLE
A_quota_n5_B1_r1_check_then_commit,5,1,1,check_then_commit,COUNTEREXAMPLE
A_quota_n5_B1_r1_quota,5,1,1,quota,SAFE_EXHAUSTIVE
A_quota_n6_B1_r1_local,6,1,1,local,COUNTEREXAMPLE
A_quota_n6_B1_r1_pairwise,6,1,1,pairwise,COUNTEREXAMPLE
A_quota_n6_B1_r1_check_then_commit,6,1,1,check_then_commit,COUNTEREXAMPLE
A_quota_n6_B1_r1_quota,6,1,1,quota,SAFE_EXHAUSTIVE
A_quota_n7_B1_r1_local,7,1,1,local,COUNTEREXAMPLE
A_quota_n7_B1_r1_pairwise,7,1,1,pairwise,COUNTEREXAMPLE
A_quota_n7_B1_r1_check_then_commit,7,1,1,check_then_commit,COUNTEREXAMPLE
A_quota_n7_B1_r1_quota,7,1,1,quota,SAFE_EXHAUSTIVE
A_quota_n8_B1_r1_local,8,1,1,local,COUNTEREXAMPLE
A_quota_n8_B1_r1_pairwise,8,1,1,pairwise,COUNTEREXAMPLE
A_quota_n8_B1_r1_check_then_commit,8,1,1,check_then_commit,COUNTEREXAMPLE
A_quota_n8_B1_r1_quota,8,1,1,quota,SAFE_EXHAUSTIVE
A_quota_n2_B1_r2_local,2,1,2,local,COUNTEREXAMPLE
A_quota_n2_B1_r2_pairwise,2,1,2,pairwise,COUNTEREXAMPLE
A_quota_n2_B1_r2_check_then_commit,2,1,2,check_then_commit,COUNTEREXAMPLE
A_quota_n2_B1_r2_quota,2,1,2,quota,SAFE_EXHAUSTIVE
A_quota_n3_B1_r2_local,3,1,2,local,COUNTEREXAMPLE
A_quota_n3_B1_r2_pairwise,3,1,2,pairwise,COUNTEREXAMPLE
A_quota_n3_B1_r2_check_then_commit,3,1,2,check_then_commit,COUNTEREXAMPLE
A_quota_n3_B1_r2_quota,3,1,2,quota,SAFE_EXHAUSTIVE
A_quota_n4_B1_r2_local,4,1,2,local,COUNTEREXAMPLE
A_quota_n4_B1_r2_pairwise,4,1,2,pairwise,COUNTEREXAMPLE
A_quota_n4_B1_r2_check_then_commit,4,1,2,check_then_commit,COUNTEREXAMPLE
A_quota_n4_B1_r2_quota,4,1,2,quota,SAFE_EXHAUSTIVE
A_quota_n5_B1_r2_local,5,1,2,local,COUNTEREXAMPLE
A_quota_n5_B1_r2_pairwise,5,1,2,pairwise,COUNTEREXAMPLE
A_quota_n5_B1_r2_check_then_commit,5,1,2,check_then_commit,COUNTEREXAMPLE
A_quota_n5_B1_r2_quota,5,1,2,quota,SAFE_EXHAUSTIVE
A_quota_n6_B1_r2_local,6,1,2,local,COUNTEREXAMPLE
A_quota_n6_B1_r2_pairwise,6,1,2,pairwise,COUNTEREXAMPLE
A_quota_n6_B1_r2_check_then_commit,6,1,2,check_then_commit,COUNTEREXAMPLE
A_quota_n6_B1_r2_quota,6,1,2,quota,SAFE_EXHAUSTIVE
A_quota_n7_B1_r2_local,7,1,2,local,COUNTEREXAMPLE
A_quota_n7_B1_r2_pairwise,7,1,2,pairwise,COUNTEREXAMPLE
A_quota_n7_B1_r2_check_then_commit,7,1,2,check_then_commit,COUNTEREXAMPLE
A_quota_n7_B1_r2_quota,7,1,2,quota,SAFE_EXHAUSTIVE
A_quota_n8_B1_r2_local,8,1,2,local,COUNTEREXAMPLE
A_quota_n8_B1_r2_pairwise,8,1,2,pairwise,COUNTEREXAMPLE
A_quota_n8_B1_r2_check_then_commit,8,1,2,check_then_commit,COUNTEREXAMPLE
A_quota_n8_B1_r2_quota,8,1,2,quota,SAFE_EXHAUSTIVE
A_quota_n2_B2_r1_local,2,2,1,local,SAFE_EXHAUSTIVE
A_quota_n2_B2_r1_pairwise,2,2,1,pairwise,SAFE_EXHAUSTIVE
A_quota_n2_B2_r1_check_then_commit,2,2,1,check_then_commit,SAFE_EXHAUSTIVE
A_quota_n2_B2_r1_quota,2,2,1,quota,SAFE_EXHAUSTIVE
A_quota_n3_B2_r1_local,3,2,1,local,COUNTEREXAMPLE
A_quota_n3_B2_r1_pairwise,3,2,1,pairwise,COUNTEREXAMPLE
A_quota_n3_B2_r1_check_then_commit,3,2,1,check_then_commit,COUNTEREXAMPLE
A_quota_n3_B2_r1_quota,3,2,1,quota,SAFE_EXHAUSTIVE
A_quota_n4_B2_r1_local,4,2,1,local,COUNTEREXAMPLE
A_quota_n4_B2_r1_pairwise,4,2,1,pairwise,COUNTEREXAMPLE
A_quota_n4_B2_r1_check_then_commit,4,2,1,check_then_commit,COUNTEREXAMPLE
A_quota_n4_B2_r1_quota,4,2,1,quota,SAFE_EXHAUSTIVE
A_quota_n5_B2_r1_local,5,2,1,local,COUNTEREXAMPLE
A_quota_n5_B2_r1_pairwise,5,2,1,pairwise,COUNTEREXAMPLE
A_quota_n5_B2_r1_check_then_commit,5,2,1,check_then_commit,COUNTEREXAMPLE
A_quota_n5_B2_r1_quota,5,2,1,quota,SAFE_EXHAUSTIVE
A_quota_n6_B2_r1_local,6,2,1,local,COUNTEREXAMPLE
A_quota_n6_B2_r1_pairwise,6,2,1,pairwise,COUNTEREXAMPLE
A_quota_n6_B2_r1_check_then_commit,6,2,1,check_then_commit,COUNTEREXAMPLE
A_quota_n6_B2_r1_quota,6,2,1,quota,SAFE_EXHAUSTIVE
A_quota_n7_B2_r1_local,7,2,1,local,COUNTEREXAMPLE
A_quota_n7_B2_r1_pairwise,7,2,1,pairwise,COUNTEREXAMPLE
A_quota_n7_B2_r1_check_then_commit,7,2,1,check_then_commit,COUNTEREXAMPLE
A_quota_n7_B2_r1_quota,7,2,1,quota,SAFE_EXHAUSTIVE
A_quota_n8_B2_r1_local,8,2,1,local,COUNTEREXAMPLE
A_quota_n8_B2_r1_pairwise,8,2,1,pairwise,COUNTEREXAMPLE
A_quota_n8_B2_r1_check_then_commit,8,2,1,check_then_commit,COUNTEREXAMPLE
A_quota_n8_B2_r1_quota,8,2,1,quota,SAFE_EXHAUSTIVE
A_quota_n2_B2_r2_local,2,2,2,local,COUNTEREXAMPLE
A_quota_n2_B2_r2_pairwise,2,2,2,pairwise,COUNTEREXAMPLE
A_quota_n2_B2_r2_check_then_commit,2,2,2,check_then_commit,COUNTEREXAMPLE
A_quota_n2_B2_r2_quota,2,2,2,quota,SAFE_EXHAUSTIVE
A_quota_n3_B2_r2_local,3,2,2,local,COUNTEREXAMPLE
A_quota_n3_B2_r2_pairwise,3,2,2,pairwise,COUNTEREXAMPLE
A_quota_n3_B2_r2_check_then_commit,3,2,2,check_then_commit,COUNTEREXAMPLE
A_quota_n3_B2_r2_quota,3,2,2,quota,SAFE_EXHAUSTIVE
A_quota_n4_B2_r2_local,4,2,2,local,COUNTEREXAMPLE
A_quota_n4_B2_r2_pairwise,4,2,2,pairwise,COUNTEREXAMPLE
A_quota_n4_B2_r2_check_then_commit,4,2,2,check_then_commit,COUNTEREXAMPLE
A_quota_n4_B2_r2_quota,4,2,2,quota,SAFE_EXHAUSTIVE
A_quota_n5_B2_r2_local,5,2,2,local,COUNTEREXAMPLE
A_quota_n5_B2_r2_pairwise,5,2,2,pairwise,COUNTEREXAMPLE
A_quota_n5_B2_r2_check_then_commit,5,2,2,check_then_commit,COUNTEREXAMPLE
A_quota_n5_B2_r2_quota,5,2,2,quota,SAFE_EXHAUSTIVE
A_quota_n6_B2_r2_local,6,2,2,local,COUNTEREXAMPLE
A_quota_n6_B2_r2_pairwise,6,2,2,pairwise,COUNTEREXAMPLE
A_quota_n6_B2_r2_check_then_commit,6,2,2,check_then_commit,COUNTEREXAMPLE
A_quota_n6_B2_r2_quota,6,2,2,quota,SAFE_EXHAUSTIVE
A_quota_n7_B2_r2_local,7,2,2,local,COUNTEREXAMPLE
A_quota_n7_B2_r2_pairwise,7,2,2,pairwise,COUNTEREXAMPLE
A_quota_n7_B2_r2_check_then_commit,7,2,2,check_then_commit,COUNTEREXAMPLE
A_quota_n7_B2_r2_quota,7,2,2,quota,SAFE_EXHAUSTIVE
A_quota_n8_B2_r2_local,8,2,2,local,COUNTEREXAMPLE
A_quota_n8_B2_r2_pairwise,8,2,2,pairwise,COUNTEREXAMPLE
A_quota_n8_B2_r2_check_then_commit,8,2,2,check_then_commit,COUNTEREXAMPLE
A_quota_n8_B2_r2_quota,8,2,2,quota,SAFE_EXHAUSTIVE
A_quota_n2_B3_r1_local,2,3,1,local,SAFE_EXHAUSTIVE
A_quota_n2_B3_r1_pairwise,2,3,1,pairwise,SAFE_EXHAUSTIVE
A_quota_n2_B3_r1_check_then_commit,2,3,1,check_then_commit,SAFE_EXHAUSTIVE
A_quota_n2_B3_r1_quota,2,3,1,quota,SAFE_EXHAUSTIVE
A_quota_n3_B3_r1_local,3,3,1,local,SAFE_EXHAUSTIVE
A_quota_n3_B3_r1_pairwise,3,3,1,pairwise,SAFE_EXHAUSTIVE
A_quota_n3_B3_r1_check_then_commit,3,3,1,check_then_commit,SAFE_EXHAUSTIVE
A_quota_n3_B3_r1_quota,3,3,1,quota,SAFE_EXHAUSTIVE
A_quota_n4_B3_r1_local,4,3,1,local,COUNTEREXAMPLE
A_quota_n4_B3_r1_pairwise,4,3,1,pairwise,COUNTEREXAMPLE
A_quota_n4_B3_r1_check_then_commit,4,3,1,check_then_commit,COUNTEREXAMPLE
A_quota_n4_B3_r1_quota,4,3,1,quota,SAFE_EXHAUSTIVE
A_quota_n5_B3_r1_local,5,3,1,local,COUNTEREXAMPLE
A_quota_n5_B3_r1_pairwise,5,3,1,pairwise,COUNTEREXAMPLE
A_quota_n5_B3_r1_check_then_commit,5,3,1,check_then_commit,COUNTEREXAMPLE
A_quota_n5_B3_r1_quota,5,3,1,quota,SAFE_EXHAUSTIVE
A_quota_n6_B3_r1_local,6,3,1,local,COUNTEREXAMPLE
A_quota_n6_B3_r1_pairwise,6,3,1,pairwise,COUNTEREXAMPLE
A_quota_n6_B3_r1_check_then_commit,6,3,1,check_then_commit,COUNTEREXAMPLE
A_quota_n6_B3_r1_quota,6,3,1,quota,SAFE_EXHAUSTIVE
A_quota_n7_B3_r1_local,7,3,1,local,COUNTEREXAMPLE
A_quota_n7_B3_r1_pairwise,7,3,1,pairwise,COUNTEREXAMPLE
A_quota_n7_B3_r1_check_then_commit,7,3,1,check_then_commit,COUNTEREXAMPLE
A_quota_n7_B3_r1_quota,7,3,1,quota,SAFE_EXHAUSTIVE
A_quota_n8_B3_r1_local,8,3,1,local,COUNTEREXAMPLE
A_quota_n8_B3_r1_pairwise,8,3,1,pairwise,COUNTEREXAMPLE
A_quota_n8_B3_r1_check_then_commit,8,3,1,check_then_commit,COUNTEREXAMPLE
A_quota_n8_B3_r1_quota,8,3,1,quota,SAFE_EXHAUSTIVE
A_quota_n2_B3_r2_local,2,3,2,local,COUNTEREXAMPLE
A_quota_n2_B3_r2_pairwise,2,3,2,pairwise,COUNTEREXAMPLE
A_quota_n2_B3_r2_check_then_commit,2,3,2,check_then_commit,COUNTEREXAMPLE
A_quota_n2_B3_r2_quota,2,3,2,quota,SAFE_EXHAUSTIVE
A_quota_n3_B3_r2_local,3,3,2,local,COUNTEREXAMPLE
A_quota_n3_B3_r2_pairwise,3,3,2,pairwise,COUNTEREXAMPLE
A_quota_n3_B3_r2_check_then_commit,3,3,2,check_then_commit,COUNTEREXAMPLE
A_quota_n3_B3_r2_quota,3,3,2,quota,SAFE_EXHAUSTIVE
A_quota_n4_B3_r2_local,4,3,2,local,COUNTEREXAMPLE
A_quota_n4_B3_r2_pairwise,4,3,2,pairwise,COUNTEREXAMPLE
A_quota_n4_B3_r2_check_then_commit,4,3,2,check_then_commit,COUNTEREXAMPLE
A_quota_n4_B3_r2_quota,4,3,2,quota,SAFE_EXHAUSTIVE
A_quota_n5_B3_r2_local,5,3,2,local,COUNTEREXAMPLE
A_quota_n5_B3_r2_pairwise,5,3,2,pairwise,COUNTEREXAMPLE
A_quota_n5_B3_r2_check_then_commit,5,3,2,check_then_commit,COUNTEREXAMPLE
A_quota_n5_B3_r2_quota,5,3,2,quota,SAFE_EXHAUSTIVE
A_quota_n6_B3_r2_local,6,3,2,local,COUNTEREXAMPLE
A_quota_n6_B3_r2_pairwise,6,3,2,pairwise,COUNTEREXAMPLE
A_quota_n6_B3_r2_check_then_commit,6,3,2,check_then_commit,COUNTEREXAMPLE
A_quota_n6_B3_r2_quota,6,3,2,quota,SAFE_EXHAUSTIVE
A_quota_n7_B3_r2_local,7,3,2,local,COUNTEREXAMPLE
A_quota_n7_B3_r2_pairwise,7,3,2,pairwise,COUNTEREXAMPLE
A_quota_n7_B3_r2_check_then_commit,7,3,2,check_then_commit,COUNTEREXAMPLE
A_quota_n7_B3_r2_quota,7,3,2,quota,SAFE_EXHAUSTIVE
A_quota_n8_B3_r2_local,8,3,2,local,COUNTEREXAMPLE
A_quota_n8_B3_r2_pairwise,8,3,2,pairwise,COUNTEREXAMPLE
A_quota_n8_B3_r2_check_then_commit,8,3,2,check_then_commit,COUNTEREXAMPLE
A_quota_n8_B3_r2_quota,8,3,2,quota,SAFE_EXHAUSTIVE
A_quota_n2_B4_r1_local,2,4,1,local,SAFE_EXHAUSTIVE
A_quota_n2_B4_r1_pairwise,2,4,1,pairwise,SAFE_EXHAUSTIVE
A_quota_n2_B4_r1_check_then_commit,2,4,1,check_then_commit,SAFE_EXHAUSTIVE
A_quota_n2_B4_r1_quota,2,4,1,quota,SAFE_EXHAUSTIVE
A_quota_n3_B4_r1_local,3,4,1,local,SAFE_EXHAUSTIVE
A_quota_n3_B4_r1_pairwise,3,4,1,pairwise,SAFE_EXHAUSTIVE
A_quota_n3_B4_r1_check_then_commit,3,4,1,check_then_commit,SAFE_EXHAUSTIVE
A_quota_n3_B4_r1_quota,3,4,1,quota,SAFE_EXHAUSTIVE
A_quota_n4_B4_r1_local,4,4,1,local,SAFE_EXHAUSTIVE
A_quota_n4_B4_r1_pairwise,4,4,1,pairwise,SAFE_EXHAUSTIVE
A_quota_n4_B4_r1_check_then_commit,4,4,1,check_then_commit,SAFE_EXHAUSTIVE
A_quota_n4_B4_r1_quota,4,4,1,quota,SAFE_EXHAUSTIVE
A_quota_n5_B4_r1_local,5,4,1,local,COUNTEREXAMPLE
A_quota_n5_B4_r1_pairwise,5,4,1,pairwise,COUNTEREXAMPLE
A_quota_n5_B4_r1_check_then_commit,5,4,1,check_then_commit,COUNTEREXAMPLE
A_quota_n5_B4_r1_quota,5,4,1,quota,SAFE_EXHAUSTIVE
A_quota_n6_B4_r1_local,6,4,1,local,COUNTEREXAMPLE
A_quota_n6_B4_r1_pairwise,6,4,1,pairwise,COUNTEREXAMPLE
A_quota_n6_B4_r1_check_then_commit,6,4,1,check_then_commit,COUNTEREXAMPLE
A_quota_n6_B4_r1_quota,6,4,1,quota,SAFE_EXHAUSTIVE
A_quota_n7_B4_r1_local,7,4,1,local,COUNTEREXAMPLE
A_quota_n7_B4_r1_pairwise,7,4,1,pairwise,COUNTEREXAMPLE
A_quota_n7_B4_r1_check_then_commit,7,4,1,check_then_commit,COUNTEREXAMPLE
A_quota_n7_B4_r1_quota,7,4,1,quota,SAFE_EXHAUSTIVE
A_quota_n8_B4_r1_local,8,4,1,local,COUNTEREXAMPLE
A_quota_n8_B4_r1_pairwise,8,4,1,pairwise,COUNTEREXAMPLE
A_quota_n8_B4_r1_check_then_commit,8,4,1,check_then_commit,COUNTEREXAMPLE
A_quota_n8_B4_r1_quota,8,4,1,quota,SAFE_EXHAUSTIVE
A_quota_n2_B4_r2_local,2,4,2,local,SAFE_EXHAUSTIVE
A_quota_n2_B4_r2_pairwise,2,4,2,pairwise,SAFE_EXHAUSTIVE
A_quota_n2_B4_r2_check_then_commit,2,4,2,check_then_commit,SAFE_EXHAUSTIVE
A_quota_n2_B4_r2_quota,2,4,2,quota,SAFE_EXHAUSTIVE
A_quota_n3_B4_r2_local,3,4,2,local,COUNTEREXAMPLE
A_quota_n3_B4_r2_pairwise,3,4,2,pairwise,COUNTEREXAMPLE
A_quota_n3_B4_r2_check_then_commit,3,4,2,check_then_commit,COUNTEREXAMPLE
A_quota_n3_B4_r2_quota,3,4,2,quota,SAFE_EXHAUSTIVE
A_quota_n4_B4_r2_local,4,4,2,local,COUNTEREXAMPLE
A_quota_n4_B4_r2_pairwise,4,4,2,pairwise,COUNTEREXAMPLE
A_quota_n4_B4_r2_check_then_commit,4,4,2,check_then_commit,COUNTEREXAMPLE
A_quota_n4_B4_r2_quota,4,4,2,quota,SAFE_EXHAUSTIVE
A_quota_n5_B4_r2_local,5,4,2,local,COUNTEREXAMPLE
A_quota_n5_B4_r2_pairwise,5,4,2,pairwise,COUNTEREXAMPLE
A_quota_n5_B4_r2_check_then_commit,5,4,2,check_then_commit,COUNTEREXAMPLE
A_quota_n5_B4_r2_quota,5,4,2,quota,SAFE_EXHAUSTIVE
A_quota_n6_B4_r2_local,6,4,2,local,COUNTEREXAMPLE
A_quota_n6_B4_r2_pairwise,6,4,2,pairwise,COUNTEREXAMPLE
A_quota_n6_B4_r2_check_then_commit,6,4,2,check_then_commit,COUNTEREXAMPLE
A_quota_n6_B4_r2_quota,6,4,2,quota,SAFE_EXHAUSTIVE
A_quota_n7_B4_r2_local,7,4,2,local,COUNTEREXAMPLE
A_quota_n7_B4_r2_pairwise,7,4,2,pairwise,COUNTEREXAMPLE
A_quota_n7_B4_r2_check_then_commit,7,4,2,check_then_commit,COUNTEREXAMPLE
A_quota_n7_B4_r2_quota,7,4,2,quota,SAFE_EXHAUSTIVE
A_quota_n8_B4_r2_local,8,4,2,local,COUNTEREXAMPLE
A_quota_n8_B4_r2_pairwise,8,4,2,pairwise,COUNTEREXAMPLE
A_quota_n8_B4_r2_check_then_commit,8,4,2,check_then_commit,COUNTEREXAMPLE
A_quota_n8_B4_r2_quota,8,4,2,quota,SAFE_EXHAUSTIVE
