config_id,n,protocol,status,discovered_states,shortest_counterexample_steps
A_bridge_n2_check_then_enter,2,check_then_enter,COUNTEREXAMPLE,16,6
A_bridge_n3_check_then_enter,3,check_then_enter,COUNTEREXAMPLE,54,6
A_bridge_n4_check_then_enter,4,check_then_enter,COUNTEREXAMPLE,150,6
A_bridge_n5_check_then_enter,5,check_then_enter,COUNTEREXAMPLE,358,6
A_bridge_n6_check_then_enter,6,check_then_enter,COUNTEREXAMPLE,761,6
A_bridge_n7_check_then_enter,7,check_then_enter,COUNTEREXAMPLE,1479,6
A_bridge_n8_check_then_enter,8,check_then_enter,COUNTEREXAMPLE,2678,6
A_bridge_n9_check_then_enter,9,check_then_enter,COUNTEREXAMPLE,4580,6
A_bridge_n10_check_then_enter,10,check_then_enter,COUNTEREXAMPLE,7474,6
A_bridge_n2_local,2,local,COUNTEREXAMPLE,9,4
A_bridge_n3_local,3,local,COUNTEREXAMPLE,23,4
A_bridge_n4_local,4,local,COUNTEREXAMPLE,50,4
A_bridge_n5_local,5,local,COUNTEREXAMPLE,96,4
A_bridge_n6_local,6,local,COUNTEREXAMPLE,168,4
A_bridge_n7_local,7,local,COUNTEREXAMPLE,274,4
A_bridge_n8_local,8,local,COUNTEREXAMPLE,423,4
A_bridge_n9_local,9,local,COUNTEREXAMPLE,625,4
A_bridge_n10_local,10,local,COUNTEREXAMPLE,891,4
A_bridge_n2_token,2,token,SAFE_EXHAUSTIVE,16,
A_bridge_n3_token,3,token,SAFE_EXHAUSTIVE,44,
A_bridge_n4_token,4,token,SAFE_EXHAUSTIVE,112,
A_bridge_n5_token,5,token,SAFE_EXHAUSTIVE,272,
A_bridge_n6_token,6,token,SAFE_EXHAUSTIVE,640,
A_bridge_n7_token,7,token,SAFE_EXHAUSTIVE,1472,
A_bridge_n8_token,8,token,SAFE_EXHAUSTIVE,3328,
A_bridge_n9_token,9,token,SAFE_EXHAUSTIVE,7424,
A_bridge_n10_token,10,token,SAFE_EXHAUSTIVE,16384,
