model,n,check,action_records,passed_records
bridge,2,action_declaration,12,12
bridge,2,init,12,12
bridge,2,implication,12,12
bridge,2,context,12,12
bridge,2,assumption_closed,12,12
bridge,2,affected,12,12
bridge,2,unaffected,12,12
bridge,2,interference,12,12
bridge,2,global_step,12,12
bridge,3,action_declaration,18,18
bridge,3,init,18,18
bridge,3,implication,18,18
bridge,3,context,18,18
bridge,3,assumption_closed,18,18
bridge,3,affected,18,18
bridge,3,unaffected,18,18
bridge,3,interference,18,18
bridge,3,global_step,18,18
bridge,4,action_declaration,24,24
bridge,4,init,24,24
bridge,4,implication,24,24
bridge,4,context,24,24
bridge,4,assumption_closed,24,24
bridge,4,affected,24,24
bridge,4,unaffected,24,24
bridge,4,interference,24,24
bridge,4,global_step,24,24
bridge,5,action_declaration,30,30
bridge,5,init,30,30
bridge,5,implication,30,30
bridge,5,context,30,30
bridge,5,assumption_closed,30,30
bridge,5,affected,30,30
bridge,5,unaffected,30,30
bridge,5,interference,30,30
bridge,5,global_step,30,30
quota,2,action_declaration,8,8
quota,2,init,8,8
quota,2,implication,8,8
quota,2,context,8,8
quota,2,assumption_closed,8,8
quota,2,affected,8,8
quota,2,unaffected,8,8
quota,2,interference,8,8
quota,2,global_step,8,8
quota,3,action_declaration,12,12
quota,3,init,12,12
quota,3,implication,12,12
quota,3,context,12,12
quota,3,assumption_closed,12,12
quota,3,affected,12,12
quota,3,unaffected,12,12
quota,3,interference,12,12
quota,3,global_step,12,12
quota,4,action_declaration,16,16
quota,4,init,16,16
quota,4,implication,16,16
quota,4,context,16,16
quota,4,assumption_closed,16,16
quota,4,affected,16,16
quota,4,unaffected,16,16
quota,4,interference,16,16
quota,4,global_step,16,16
quota,5,action_declaration,20,20
quota,5,init,20,20
quota,5,implication,20,20
quota,5,context,20,20
quota,5,assumption_closed,20,20
quota,5,affected,20,20
quota,5,unaffected,20,20
quota,5,interference,20,20
quota,5,global_step,20,20
