config_id,n,B,r,status,witness,saved_witness_excess
A_static_n2_B1_r1,2,1,1,SAFE_EXHAUSTIVE,,0
A_static_n3_B1_r1,3,1,1,SAFE_EXHAUSTIVE,,0
A_static_n4_B1_r1,4,1,1,SAFE_EXHAUSTIVE,,0
A_static_n5_B1_r1,5,1,1,SAFE_EXHAUSTIVE,,0
A_static_n6_B1_r1,6,1,1,SAFE_EXHAUSTIVE,,0
A_static_n7_B1_r1,7,1,1,SAFE_EXHAUSTIVE,,0
A_static_n8_B1_r1,8,1,1,SAFE_EXHAUSTIVE,,0
A_static_n2_B1_r2,2,1,2,SAFE_EXHAUSTIVE,,0
A_static_n3_B1_r2,3,1,2,SAFE_EXHAUSTIVE,,0
A_static_n4_B1_r2,4,1,2,SAFE_EXHAUSTIVE,,0
A_static_n5_B1_r2,5,1,2,SAFE_EXHAUSTIVE,,0
A_static_n6_B1_r2,6,1,2,SAFE_EXHAUSTIVE,,0
A_static_n7_B1_r2,7,1,2,SAFE_EXHAUSTIVE,,0
A_static_n8_B1_r2,8,1,2,SAFE_EXHAUSTIVE,,0
A_static_n2_B1_r3,2,1,3,SAFE_EXHAUSTIVE,,0
A_static_n3_B1_r3,3,1,3,SAFE_EXHAUSTIVE,,0
A_static_n4_B1_r3,4,1,3,SAFE_EXHAUSTIVE,,0
A_static_n5_B1_r3,5,1,3,SAFE_EXHAUSTIVE,,0
A_static_n6_B1_r3,6,1,3,SAFE_EXHAUSTIVE,,0
A_static_n7_B1_r3,7,1,3,SAFE_EXHAUSTIVE,,0
A_static_n8_B1_r3,8,1,3,SAFE_EXHAUSTIVE,,0
A_static_n2_B2_r1,2,2,1,SAFE_EXHAUSTIVE,,0
A_static_n3_B2_r1,3,2,1,COUNTEREXAMPLE,"[1, 1, 1]",1
A_static_n4_B2_r1,4,2,1,COUNTEREXAMPLE,"[0, 1, 1, 1]",1
A_static_n5_B2_r1,5,2,1,COUNTEREXAMPLE,"[0, 0, 1, 1, 1]",1
A_static_n6_B2_r1,6,2,1,COUNTEREXAMPLE,"[0, 0, 0, 1, 1, 1]",1
A_static_n7_B2_r1,7,2,1,COUNTEREXAMPLE,"[0, 0, 0, 0, 1, 1, 1]",1
A_static_n8_B2_r1,8,2,1,COUNTEREXAMPLE,"[0, 0, 0, 0, 0, 1, 1, 1]",1
A_static_n2_B2_r2,2,2,2,SAFE_EXHAUSTIVE,,0
A_static_n3_B2_r2,3,2,2,COUNTEREXAMPLE,"[1, 1, 1]",1
A_static_n4_B2_r2,4,2,2,COUNTEREXAMPLE,"[0, 1, 1, 1]",1
A_static_n5_B2_r2,5,2,2,COUNTEREXAMPLE,"[0, 0, 1, 1, 1]",1
A_static_n6_B2_r2,6,2,2,COUNTEREXAMPLE,"[0, 0, 0, 1, 1, 1]",1
A_static_n7_B2_r2,7,2,2,COUNTEREXAMPLE,"[0, 0, 0, 0, 1, 1, 1]",1
A_static_n8_B2_r2,8,2,2,COUNTEREXAMPLE,"[0, 0, 0, 0, 0, 1, 1, 1]",1
A_static_n2_B2_r3,2,2,3,SAFE_EXHAUSTIVE,,0
A_static_n3_B2_r3,3,2,3,COUNTEREXAMPLE,"[1, 1, 1]",1
A_static_n4_B2_r3,4,2,3,COUNTEREXAMPLE,"[0, 1, 1, 1]",1
A_static_n5_B2_r3,5,2,3,COUNTEREXAMPLE,"[0, 0, 1, 1, 1]",1
A_static_n6_B2_r3,6,2,3,COUNTEREXAMPLE,"[0, 0, 0, 1, 1, 1]",1
A_static_n7_B2_r3,7,2,3,COUNTEREXAMPLE,"[0, 0, 0, 0, 1, 1, 1]",1
A_static_n8_B2_r3,8,2,3,COUNTEREXAMPLE,"[0, 0, 0, 0, 0, 1, 1, 1]",1
A_static_n2_B3_r1,2,3,1,SAFE_EXHAUSTIVE,,0
A_static_n3_B3_r1,3,3,1,SAFE_EXHAUSTIVE,,0
A_static_n4_B3_r1,4,3,1,COUNTEREXAMPLE,"[1, 1, 1, 1]",1
A_static_n5_B3_r1,5,3,1,COUNTEREXAMPLE,"[0, 1, 1, 1, 1]",1
A_static_n6_B3_r1,6,3,1,COUNTEREXAMPLE,"[0, 0, 1, 1, 1, 1]",1
A_static_n7_B3_r1,7,3,1,COUNTEREXAMPLE,"[0, 0, 0, 1, 1, 1, 1]",1
A_static_n8_B3_r1,8,3,1,COUNTEREXAMPLE,"[0, 0, 0, 0, 1, 1, 1, 1]",1
A_static_n2_B3_r2,2,3,2,SAFE_EXHAUSTIVE,,0
A_static_n3_B3_r2,3,3,2,COUNTEREXAMPLE,"[1, 1, 2]",1
A_static_n4_B3_r2,4,3,2,COUNTEREXAMPLE,"[0, 1, 1, 2]",1
A_static_n5_B3_r2,5,3,2,COUNTEREXAMPLE,"[0, 0, 1, 1, 2]",1
A_static_n6_B3_r2,6,3,2,COUNTEREXAMPLE,"[0, 0, 0, 1, 1, 2]",1
A_static_n7_B3_r2,7,3,2,COUNTEREXAMPLE,"[0, 0, 0, 0, 1, 1, 2]",1
A_static_n8_B3_r2,8,3,2,COUNTEREXAMPLE,"[0, 0, 0, 0, 0, 1, 1, 2]",1
A_static_n2_B3_r3,2,3,3,SAFE_EXHAUSTIVE,,0
A_static_n3_B3_r3,3,3,3,COUNTEREXAMPLE,"[1, 1, 2]",1
A_static_n4_B3_r3,4,3,3,COUNTEREXAMPLE,"[0, 1, 1, 2]",1
A_static_n5_B3_r3,5,3,3,COUNTEREXAMPLE,"[0, 0, 1, 1, 2]",1
A_static_n6_B3_r3,6,3,3,COUNTEREXAMPLE,"[0, 0, 0, 1, 1, 2]",1
A_static_n7_B3_r3,7,3,3,COUNTEREXAMPLE,"[0, 0, 0, 0, 1, 1, 2]",1
A_static_n8_B3_r3,8,3,3,COUNTEREXAMPLE,"[0, 0, 0, 0, 0, 1, 1, 2]",1
A_static_n2_B4_r1,2,4,1,SAFE_EXHAUSTIVE,,0
A_static_n3_B4_r1,3,4,1,SAFE_EXHAUSTIVE,,0
A_static_n4_B4_r1,4,4,1,SAFE_EXHAUSTIVE,,0
A_static_n5_B4_r1,5,4,1,COUNTEREXAMPLE,"[1, 1, 1, 1, 1]",1
A_static_n6_B4_r1,6,4,1,COUNTEREXAMPLE,"[0, 1, 1, 1, 1, 1]",1
A_static_n7_B4_r1,7,4,1,COUNTEREXAMPLE,"[0, 0, 1, 1, 1, 1, 1]",1
A_static_n8_B4_r1,8,4,1,COUNTEREXAMPLE,"[0, 0, 0, 1, 1, 1, 1, 1]",1
A_static_n2_B4_r2,2,4,2,SAFE_EXHAUSTIVE,,0
A_static_n3_B4_r2,3,4,2,COUNTEREXAMPLE,"[1, 2, 2]",1
A_static_n4_B4_r2,4,4,2,COUNTEREXAMPLE,"[0, 1, 2, 2]",1
A_static_n5_B4_r2,5,4,2,COUNTEREXAMPLE,"[0, 0, 1, 2, 2]",1
A_static_n6_B4_r2,6,4,2,COUNTEREXAMPLE,"[0, 0, 0, 1, 2, 2]",1
A_static_n7_B4_r2,7,4,2,COUNTEREXAMPLE,"[0, 0, 0, 0, 1, 2, 2]",1
A_static_n8_B4_r2,8,4,2,COUNTEREXAMPLE,"[0, 0, 0, 0, 0, 1, 2, 2]",1
A_static_n2_B4_r3,2,4,3,SAFE_EXHAUSTIVE,,0
A_static_n3_B4_r3,3,4,3,COUNTEREXAMPLE,"[1, 1, 3]",1
A_static_n4_B4_r3,4,4,3,COUNTEREXAMPLE,"[0, 1, 1, 3]",1
A_static_n5_B4_r3,5,4,3,COUNTEREXAMPLE,"[0, 0, 1, 1, 3]",1
A_static_n6_B4_r3,6,4,3,COUNTEREXAMPLE,"[0, 0, 0, 1, 1, 3]",1
A_static_n7_B4_r3,7,4,3,COUNTEREXAMPLE,"[0, 0, 0, 0, 1, 1, 3]",1
A_static_n8_B4_r3,8,4,3,COUNTEREXAMPLE,"[0, 0, 0, 0, 0, 1, 1, 3]",1
A_static_n2_B5_r1,2,5,1,SAFE_EXHAUSTIVE,,0
A_static_n3_B5_r1,3,5,1,SAFE_EXHAUSTIVE,,0
A_static_n4_B5_r1,4,5,1,SAFE_EXHAUSTIVE,,0
A_static_n5_B5_r1,5,5,1,SAFE_EXHAUSTIVE,,0
A_static_n6_B5_r1,6,5,1,COUNTEREXAMPLE,"[1, 1, 1, 1, 1, 1]",1
A_static_n7_B5_r1,7,5,1,COUNTEREXAMPLE,"[0, 1, 1, 1, 1, 1, 1]",1
A_static_n8_B5_r1,8,5,1,COUNTEREXAMPLE,"[0, 0, 1, 1, 1, 1, 1, 1]",1
A_static_n2_B5_r2,2,5,2,SAFE_EXHAUSTIVE,,0
A_static_n3_B5_r2,3,5,2,COUNTEREXAMPLE,"[2, 2, 2]",1
A_static_n4_B5_r2,4,5,2,COUNTEREXAMPLE,"[0, 2, 2, 2]",1
A_static_n5_B5_r2,5,5,2,COUNTEREXAMPLE,"[0, 0, 2, 2, 2]",1
A_static_n6_B5_r2,6,5,2,COUNTEREXAMPLE,"[0, 0, 0, 2, 2, 2]",1
A_static_n7_B5_r2,7,5,2,COUNTEREXAMPLE,"[0, 0, 0, 0, 2, 2, 2]",1
A_static_n8_B5_r2,8,5,2,COUNTEREXAMPLE,"[0, 0, 0, 0, 0, 2, 2, 2]",1
A_static_n2_B5_r3,2,5,3,SAFE_EXHAUSTIVE,,0
A_static_n3_B5_r3,3,5,3,COUNTEREXAMPLE,"[1, 2, 3]",1
A_static_n4_B5_r3,4,5,3,COUNTEREXAMPLE,"[0, 1, 2, 3]",1
A_static_n5_B5_r3,5,5,3,COUNTEREXAMPLE,"[0, 0, 1, 2, 3]",1
A_static_n6_B5_r3,6,5,3,COUNTEREXAMPLE,"[0, 0, 0, 1, 2, 3]",1
A_static_n7_B5_r3,7,5,3,COUNTEREXAMPLE,"[0, 0, 0, 0, 1, 2, 3]",1
A_static_n8_B5_r3,8,5,3,COUNTEREXAMPLE,"[0, 0, 0, 0, 0, 1, 2, 3]",1
