case,model,step,action,load,capacity,load_capacity_ratio,replay_status
C_stale_bridge,bridge,0,INITIAL,0,1,0.0,PASS
C_stale_bridge,bridge,1,Request[0],0,1,0.0,PASS
C_stale_bridge,bridge,2,Read[0],0,1,0.0,PASS
C_stale_bridge,bridge,3,Request[1],0,1,0.0,PASS
C_stale_bridge,bridge,4,Read[1],0,1,0.0,PASS
C_stale_bridge,bridge,5,EnterCached[0],1,1,1.0,PASS
C_stale_bridge,bridge,6,EnterCached[1],2,1,2.0,PASS
C_early_release,bridge,0,INITIAL,0,1,0.0,PASS
C_early_release,bridge,1,Request[0],0,1,0.0,PASS
C_early_release,bridge,2,Grant[0],0,1,0.0,PASS
C_early_release,bridge,3,EnterToken[0],1,1,1.0,PASS
C_early_release,bridge,4,EarlyRelease[0],1,1,1.0,PASS
C_early_release,bridge,5,Request[1],1,1,1.0,PASS
C_early_release,bridge,6,Grant[1],1,1,1.0,PASS
C_early_release,bridge,7,EnterToken[1],2,1,2.0,PASS
C_non_atomic_quota,quota,0,INITIAL,0,2,0.0,PASS
C_non_atomic_quota,quota,1,ReadSpare[0],0,2,0.0,PASS
C_non_atomic_quota,quota,2,CommitCached[0],1,2,0.5,PASS
C_non_atomic_quota,quota,3,ReadSpare[1],1,2,0.5,PASS
C_non_atomic_quota,quota,4,ReadSpare[2],1,2,0.5,PASS
C_non_atomic_quota,quota,5,CommitCached[1],2,2,1.0,PASS
C_non_atomic_quota,quota,6,CommitCached[2],3,2,1.5,PASS
C_environment_write,bridge,0,INITIAL,0,1,0.0,PASS
C_environment_write,bridge,1,Request[0],0,1,0.0,PASS
C_environment_write,bridge,2,Grant[0],0,1,0.0,PASS
C_environment_write,bridge,3,EnterToken[0],1,1,1.0,PASS
C_environment_write,bridge,4,Request[1],1,1,1.0,PASS
C_environment_write,bridge,5,EnvironmentWriteOwner,1,1,1.0,PASS
C_environment_write,bridge,6,Grant[1],1,1,1.0,PASS
C_environment_write,bridge,7,EnterToken[1],2,1,2.0,PASS
