config_id,n,B,r,checked_assignments,total_assignments,pairwise_implies_global,witness,status
A_static_n2_B1_r1,2,1,1,4,4,True,,SAFE_EXHAUSTIVE
A_static_n3_B1_r1,3,1,1,8,8,True,,SAFE_EXHAUSTIVE
A_static_n4_B1_r1,4,1,1,16,16,True,,SAFE_EXHAUSTIVE
A_static_n5_B1_r1,5,1,1,32,32,True,,SAFE_EXHAUSTIVE
A_static_n6_B1_r1,6,1,1,64,64,True,,SAFE_EXHAUSTIVE
A_static_n7_B1_r1,7,1,1,128,128,True,,SAFE_EXHAUSTIVE
A_static_n8_B1_r1,8,1,1,256,256,True,,SAFE_EXHAUSTIVE
A_static_n2_B1_r2,2,1,2,9,9,True,,SAFE_EXHAUSTIVE
A_static_n3_B1_r2,3,1,2,27,27,True,,SAFE_EXHAUSTIVE
A_static_n4_B1_r2,4,1,2,81,81,True,,SAFE_EXHAUSTIVE
A_static_n5_B1_r2,5,1,2,243,243,True,,SAFE_EXHAUSTIVE
A_static_n6_B1_r2,6,1,2,729,729,True,,SAFE_EXHAUSTIVE
A_static_n7_B1_r2,7,1,2,2187,2187,True,,SAFE_EXHAUSTIVE
A_static_n8_B1_r2,8,1,2,6561,6561,True,,SAFE_EXHAUSTIVE
A_static_n2_B1_r3,2,1,3,16,16,True,,SAFE_EXHAUSTIVE
A_static_n3_B1_r3,3,1,3,64,64,True,,SAFE_EXHAUSTIVE
A_static_n4_B1_r3,4,1,3,256,256,True,,SAFE_EXHAUSTIVE
A_static_n5_B1_r3,5,1,3,1024,1024,True,,SAFE_EXHAUSTIVE
A_static_n6_B1_r3,6,1,3,4096,4096,True,,SAFE_EXHAUSTIVE
A_static_n7_B1_r3,7,1,3,16384,16384,True,,SAFE_EXHAUSTIVE
A_static_n8_B1_r3,8,1,3,65536,65536,True,,SAFE_EXHAUSTIVE
A_static_n2_B2_r1,2,2,1,4,4,True,,SAFE_EXHAUSTIVE
A_static_n3_B2_r1,3,2,1,8,8,False,"[1, 1, 1]",COUNTEREXAMPLE
A_static_n4_B2_r1,4,2,1,16,16,False,"[0, 1, 1, 1]",COUNTEREXAMPLE
A_static_n5_B2_r1,5,2,1,32,32,False,"[0, 0, 1, 1, 1]",COUNTEREXAMPLE
A_static_n6_B2_r1,6,2,1,64,64,False,"[0, 0, 0, 1, 1, 1]",COUNTEREXAMPLE
A_static_n7_B2_r1,7,2,1,128,128,False,"[0, 0, 0, 0, 1, 1, 1]",COUNTEREXAMPLE
A_static_n8_B2_r1,8,2,1,256,256,False,"[0, 0, 0, 0, 0, 1, 1, 1]",COUNTEREXAMPLE
A_static_n2_B2_r2,2,2,2,9,9,True,,SAFE_EXHAUSTIVE
A_static_n3_B2_r2,3,2,2,27,27,False,"[1, 1, 1]",COUNTEREXAMPLE
A_static_n4_B2_r2,4,2,2,81,81,False,"[0, 1, 1, 1]",COUNTEREXAMPLE
A_static_n5_B2_r2,5,2,2,243,243,False,"[0, 0, 1, 1, 1]",COUNTEREXAMPLE
A_static_n6_B2_r2,6,2,2,729,729,False,"[0, 0, 0, 1, 1, 1]",COUNTEREXAMPLE
A_static_n7_B2_r2,7,2,2,2187,2187,False,"[0, 0, 0, 0, 1, 1, 1]",COUNTEREXAMPLE
A_static_n8_B2_r2,8,2,2,6561,6561,False,"[0, 0, 0, 0, 0, 1, 1, 1]",COUNTEREXAMPLE
A_static_n2_B2_r3,2,2,3,16,16,True,,SAFE_EXHAUSTIVE
A_static_n3_B2_r3,3,2,3,64,64,False,"[1, 1, 1]",COUNTEREXAMPLE
A_static_n4_B2_r3,4,2,3,256,256,False,"[0, 1, 1, 1]",COUNTEREXAMPLE
A_static_n5_B2_r3,5,2,3,1024,1024,False,"[0, 0, 1, 1, 1]",COUNTEREXAMPLE
A_static_n6_B2_r3,6,2,3,4096,4096,False,"[0, 0, 0, 1, 1, 1]",COUNTEREXAMPLE
A_static_n7_B2_r3,7,2,3,16384,16384,False,"[0, 0, 0, 0, 1, 1, 1]",COUNTEREXAMPLE
A_static_n8_B2_r3,8,2,3,65536,65536,False,"[0, 0, 0, 0, 0, 1, 1, 1]",COUNTEREXAMPLE
A_static_n2_B3_r1,2,3,1,4,4,True,,SAFE_EXHAUSTIVE
A_static_n3_B3_r1,3,3,1,8,8,True,,SAFE_EXHAUSTIVE
A_static_n4_B3_r1,4,3,1,16,16,False,"[1, 1, 1, 1]",COUNTEREXAMPLE
A_static_n5_B3_r1,5,3,1,32,32,False,"[0, 1, 1, 1, 1]",COUNTEREXAMPLE
A_static_n6_B3_r1,6,3,1,64,64,False,"[0, 0, 1, 1, 1, 1]",COUNTEREXAMPLE
A_static_n7_B3_r1,7,3,1,128,128,False,"[0, 0, 0, 1, 1, 1, 1]",COUNTEREXAMPLE
A_static_n8_B3_r1,8,3,1,256,256,False,"[0, 0, 0, 0, 1, 1, 1, 1]",COUNTEREXAMPLE
A_static_n2_B3_r2,2,3,2,9,9,True,,SAFE_EXHAUSTIVE
A_static_n3_B3_r2,3,3,2,27,27,False,"[1, 1, 2]",COUNTEREXAMPLE
A_static_n4_B3_r2,4,3,2,81,81,False,"[0, 1, 1, 2]",COUNTEREXAMPLE
A_static_n5_B3_r2,5,3,2,243,243,False,"[0, 0, 1, 1, 2]",COUNTEREXAMPLE
A_static_n6_B3_r2,6,3,2,729,729,False,"[0, 0, 0, 1, 1, 2]",COUNTEREXAMPLE
A_static_n7_B3_r2,7,3,2,2187,2187,False,"[0, 0, 0, 0, 1, 1, 2]",COUNTEREXAMPLE
A_static_n8_B3_r2,8,3,2,6561,6561,False,"[0, 0, 0, 0, 0, 1, 1, 2]",COUNTEREXAMPLE
A_static_n2_B3_r3,2,3,3,16,16,True,,SAFE_EXHAUSTIVE
A_static_n3_B3_r3,3,3,3,64,64,False,"[1, 1, 2]",COUNTEREXAMPLE
A_static_n4_B3_r3,4,3,3,256,256,False,"[0, 1, 1, 2]",COUNTEREXAMPLE
A_static_n5_B3_r3,5,3,3,1024,1024,False,"[0, 0, 1, 1, 2]",COUNTEREXAMPLE
A_static_n6_B3_r3,6,3,3,4096,4096,False,"[0, 0, 0, 1, 1, 2]",COUNTEREXAMPLE
A_static_n7_B3_r3,7,3,3,16384,16384,False,"[0, 0, 0, 0, 1, 1, 2]",COUNTEREXAMPLE
A_static_n8_B3_r3,8,3,3,65536,65536,False,"[0, 0, 0, 0, 0, 1, 1, 2]",COUNTEREXAMPLE
A_static_n2_B4_r1,2,4,1,4,4,True,,SAFE_EXHAUSTIVE
A_static_n3_B4_r1,3,4,1,8,8,True,,SAFE_EXHAUSTIVE
A_static_n4_B4_r1,4,4,1,16,16,True,,SAFE_EXHAUSTIVE
A_static_n5_B4_r1,5,4,1,32,32,False,"[1, 1, 1, 1, 1]",COUNTEREXAMPLE
A_static_n6_B4_r1,6,4,1,64,64,False,"[0, 1, 1, 1, 1, 1]",COUNTEREXAMPLE
A_static_n7_B4_r1,7,4,1,128,128,False,"[0, 0, 1, 1, 1, 1, 1]",COUNTEREXAMPLE
A_static_n8_B4_r1,8,4,1,256,256,False,"[0, 0, 0, 1, 1, 1, 1, 1]",COUNTEREXAMPLE
A_static_n2_B4_r2,2,4,2,9,9,True,,SAFE_EXHAUSTIVE
A_static_n3_B4_r2,3,4,2,27,27,False,"[1, 2, 2]",COUNTEREXAMPLE
A_static_n4_B4_r2,4,4,2,81,81,False,"[0, 1, 2, 2]",COUNTEREXAMPLE
A_static_n5_B4_r2,5,4,2,243,243,False,"[0, 0, 1, 2, 2]",COUNTEREXAMPLE
A_static_n6_B4_r2,6,4,2,729,729,False,"[0, 0, 0, 1, 2, 2]",COUNTEREXAMPLE
A_static_n7_B4_r2,7,4,2,2187,2187,False,"[0, 0, 0, 0, 1, 2, 2]",COUNTEREXAMPLE
A_static_n8_B4_r2,8,4,2,6561,6561,False,"[0, 0, 0, 0, 0, 1, 2, 2]",COUNTEREXAMPLE
A_static_n2_B4_r3,2,4,3,16,16,True,,SAFE_EXHAUSTIVE
A_static_n3_B4_r3,3,4,3,64,64,False,"[1, 1, 3]",COUNTEREXAMPLE
A_static_n4_B4_r3,4,4,3,256,256,False,"[0, 1, 1, 3]",COUNTEREXAMPLE
A_static_n5_B4_r3,5,4,3,1024,1024,False,"[0, 0, 1, 1, 3]",COUNTEREXAMPLE
A_static_n6_B4_r3,6,4,3,4096,4096,False,"[0, 0, 0, 1, 1, 3]",COUNTEREXAMPLE
A_static_n7_B4_r3,7,4,3,16384,16384,False,"[0, 0, 0, 0, 1, 1, 3]",COUNTEREXAMPLE
A_static_n8_B4_r3,8,4,3,65536,65536,False,"[0, 0, 0, 0, 0, 1, 1, 3]",COUNTEREXAMPLE
A_static_n2_B5_r1,2,5,1,4,4,True,,SAFE_EXHAUSTIVE
A_static_n3_B5_r1,3,5,1,8,8,True,,SAFE_EXHAUSTIVE
A_static_n4_B5_r1,4,5,1,16,16,True,,SAFE_EXHAUSTIVE
A_static_n5_B5_r1,5,5,1,32,32,True,,SAFE_EXHAUSTIVE
A_static_n6_B5_r1,6,5,1,64,64,False,"[1, 1, 1, 1, 1, 1]",COUNTEREXAMPLE
A_static_n7_B5_r1,7,5,1,128,128,False,"[0, 1, 1, 1, 1, 1, 1]",COUNTEREXAMPLE
A_static_n8_B5_r1,8,5,1,256,256,False,"[0, 0, 1, 1, 1, 1, 1, 1]",COUNTEREXAMPLE
A_static_n2_B5_r2,2,5,2,9,9,True,,SAFE_EXHAUSTIVE
A_static_n3_B5_r2,3,5,2,27,27,False,"[2, 2, 2]",COUNTEREXAMPLE
A_static_n4_B5_r2,4,5,2,81,81,False,"[0, 2, 2, 2]",COUNTEREXAMPLE
A_static_n5_B5_r2,5,5,2,243,243,False,"[0, 0, 2, 2, 2]",COUNTEREXAMPLE
A_static_n6_B5_r2,6,5,2,729,729,False,"[0, 0, 0, 2, 2, 2]",COUNTEREXAMPLE
A_static_n7_B5_r2,7,5,2,2187,2187,False,"[0, 0, 0, 0, 2, 2, 2]",COUNTEREXAMPLE
A_static_n8_B5_r2,8,5,2,6561,6561,False,"[0, 0, 0, 0, 0, 2, 2, 2]",COUNTEREXAMPLE
A_static_n2_B5_r3,2,5,3,16,16,True,,SAFE_EXHAUSTIVE
A_static_n3_B5_r3,3,5,3,64,64,False,"[1, 2, 3]",COUNTEREXAMPLE
A_static_n4_B5_r3,4,5,3,256,256,False,"[0, 1, 2, 3]",COUNTEREXAMPLE
A_static_n5_B5_r3,5,5,3,1024,1024,False,"[0, 0, 1, 2, 3]",COUNTEREXAMPLE
A_static_n6_B5_r3,6,5,3,4096,4096,False,"[0, 0, 0, 1, 2, 3]",COUNTEREXAMPLE
A_static_n7_B5_r3,7,5,3,16384,16384,False,"[0, 0, 0, 0, 1, 2, 3]",COUNTEREXAMPLE
A_static_n8_B5_r3,8,5,3,65536,65536,False,"[0, 0, 0, 0, 0, 1, 2, 3]",COUNTEREXAMPLE
