model,n,B,r,action_id,component,read,write,frame,clause_id,Aff,Rel,assumption,obligation_types,check_scope,action_declaration,init,implication,context,assumption_closed,affected,unaffected,interference,global_step,result,witness
bridge,2,,,Cancel[0],agent,"[""owner"", ""q""]","[""q""]","[""q[j]""]","[""capacity"", ""owned_0"", ""owned_1""]","[""capacity"", ""owned_0"", ""owned_1""]","[""owner_domain"", ""capacity"", ""owned_0"", ""owned_1""]",finite_domain,action_declaration;init;implication;context;assumption;affected;unaffected;interference;global_step,complete_declared_finite_domain,PASS,PASS,PASS,PASS,PASS,PASS,PASS,PASS,PASS,PASS,
bridge,2,,,Cancel[1],agent,"[""owner"", ""q""]","[""q""]","[""q[j]""]","[""capacity"", ""owned_0"", ""owned_1""]","[""capacity"", ""owned_0"", ""owned_1""]","[""owner_domain"", ""capacity"", ""owned_0"", ""owned_1""]",finite_domain,action_declaration;init;implication;context;assumption;affected;unaffected;interference;global_step,complete_declared_finite_domain,PASS,PASS,PASS,PASS,PASS,PASS,PASS,PASS,PASS,PASS,
bridge,2,,,EnterToken[0],agent,"[""owner"", ""q""]","[""q""]","[""q[j]""]","[""capacity"", ""owned_0"", ""owned_1""]","[""capacity"", ""owned_0"", ""owned_1""]","[""owner_domain"", ""capacity"", ""owned_0"", ""owned_1""]",finite_domain,action_declaration;init;implication;context;assumption;affected;unaffected;interference;global_step,complete_declared_finite_domain,PASS,PASS,PASS,PASS,PASS,PASS,PASS,PASS,PASS,PASS,
bridge,2,,,EnterToken[1],agent,"[""owner"", ""q""]","[""q""]","[""q[j]""]","[""capacity"", ""owned_0"", ""owned_1""]","[""capacity"", ""owned_0"", ""owned_1""]","[""owner_domain"", ""capacity"", ""owned_0"", ""owned_1""]",finite_domain,action_declaration;init;implication;context;assumption;affected;unaffected;interference;global_step,complete_declared_finite_domain,PASS,PASS,PASS,PASS,PASS,PASS,PASS,PASS,PASS,PASS,
bridge,2,,,Exit[0],agent,"[""q""]","[""q""]","[""q[j]""]","[""capacity"", ""owned_0"", ""owned_1""]","[""capacity"", ""owned_0"", ""owned_1""]","[""owner_domain"", ""capacity"", ""owned_0"", ""owned_1""]",finite_domain,action_declaration;init;implication;context;assumption;affected;unaffected;interference;global_step,complete_declared_finite_domain,PASS,PASS,PASS,PASS,PASS,PASS,PASS,PASS,PASS,PASS,
bridge,2,,,Exit[1],agent,"[""q""]","[""q""]","[""q[j]""]","[""capacity"", ""owned_0"", ""owned_1""]","[""capacity"", ""owned_0"", ""owned_1""]","[""owner_domain"", ""capacity"", ""owned_0"", ""owned_1""]",finite_domain,action_declaration;init;implication;context;assumption;affected;unaffected;interference;global_step,complete_declared_finite_domain,PASS,PASS,PASS,PASS,PASS,PASS,PASS,PASS,PASS,PASS,
bridge,2,,,Grant[0],manager,"[""owner"", ""q""]","[""owner""]","[""q[j]""]","[""owner_domain"", ""owned_0"", ""owned_1""]","[""owner_domain"", ""owned_0"", ""owned_1""]","[""owner_domain"", ""capacity"", ""owned_0"", ""owned_1""]",finite_domain,action_declaration;init;implication;context;assumption;affected;unaffected;interference;global_step,complete_declared_finite_domain,PASS,PASS,PASS,PASS,PASS,PASS,PASS,PASS,PASS,PASS,
bridge,2,,,Grant[1],manager,"[""owner"", ""q""]","[""owner""]","[""q[j]""]","[""owner_domain"", ""owned_0"", ""owned_1""]","[""owner_domain"", ""owned_0"", ""owned_1""]","[""owner_domain"", ""capacity"", ""owned_0"", ""owned_1""]",finite_domain,action_declaration;init;implication;context;assumption;affected;unaffected;interference;global_step,complete_declared_finite_domain,PASS,PASS,PASS,PASS,PASS,PASS,PASS,PASS,PASS,PASS,
bridge,2,,,Release[0],manager,"[""owner"", ""q""]","[""owner""]","[""q[j]""]","[""owner_domain"", ""owned_0"", ""owned_1""]","[""owner_domain"", ""owned_0"", ""owned_1""]","[""owner_domain"", ""capacity"", ""owned_0"", ""owned_1""]",finite_domain,action_declaration;init;implication;context;assumption;affected;unaffected;interference;global_step,complete_declared_finite_domain,PASS,PASS,PASS,PASS,PASS,PASS,PASS,PASS,PASS,PASS,
bridge,2,,,Release[1],manager,"[""owner"", ""q""]","[""owner""]","[""q[j]""]","[""owner_domain"", ""owned_0"", ""owned_1""]","[""owner_domain"", ""owned_0"", ""owned_1""]","[""owner_domain"", ""capacity"", ""owned_0"", ""owned_1""]",finite_domain,action_declaration;init;implication;context;assumption;affected;unaffected;interference;global_step,complete_declared_finite_domain,PASS,PASS,PASS,PASS,PASS,PASS,PASS,PASS,PASS,PASS,
bridge,2,,,Request[0],agent,"[""q""]","[""q""]","[""q[j]""]","[""capacity"", ""owned_0"", ""owned_1""]","[""capacity"", ""owned_0"", ""owned_1""]","[""owner_domain"", ""capacity"", ""owned_0"", ""owned_1""]",finite_domain,action_declaration;init;implication;context;assumption;affected;unaffected;interference;global_step,complete_declared_finite_domain,PASS,PASS,PASS,PASS,PASS,PASS,PASS,PASS,PASS,PASS,
bridge,2,,,Request[1],agent,"[""q""]","[""q""]","[""q[j]""]","[""capacity"", ""owned_0"", ""owned_1""]","[""capacity"", ""owned_0"", ""owned_1""]","[""owner_domain"", ""capacity"", ""owned_0"", ""owned_1""]",finite_domain,action_declaration;init;implication;context;assumption;affected;unaffected;interference;global_step,complete_declared_finite_domain,PASS,PASS,PASS,PASS,PASS,PASS,PASS,PASS,PASS,PASS,
bridge,3,,,Cancel[0],agent,"[""owner"", ""q""]","[""q""]","[""q[j]""]","[""capacity"", ""owned_0"", ""owned_1"", ""owned_2""]","[""capacity"", ""owned_0"", ""owned_1"", ""owned_2""]","[""owner_domain"", ""capacity"", ""owned_0"", ""owned_1"", ""owned_2""]",finite_domain,action_declaration;init;implication;context;assumption;affected;unaffected;interference;global_step,complete_declared_finite_domain,PASS,PASS,PASS,PASS,PASS,PASS,PASS,PASS,PASS,PASS,
bridge,3,,,Cancel[1],agent,"[""owner"", ""q""]","[""q""]","[""q[j]""]","[""capacity"", ""owned_0"", ""owned_1"", ""owned_2""]","[""capacity"", ""owned_0"", ""owned_1"", ""owned_2""]","[""owner_domain"", ""capacity"", ""owned_0"", ""owned_1"", ""owned_2""]",finite_domain,action_declaration;init;implication;context;assumption;affected;unaffected;interference;global_step,complete_declared_finite_domain,PASS,PASS,PASS,PASS,PASS,PASS,PASS,PASS,PASS,PASS,
bridge,3,,,Cancel[2],agent,"[""owner"", ""q""]","[""q""]","[""q[j]""]","[""capacity"", ""owned_0"", ""owned_1"", ""owned_2""]","[""capacity"", ""owned_0"", ""owned_1"", ""owned_2""]","[""owner_domain"", ""capacity"", ""owned_0"", ""owned_1"", ""owned_2""]",finite_domain,action_declaration;init;implication;context;assumption;affected;unaffected;interference;global_step,complete_declared_finite_domain,PASS,PASS,PASS,PASS,PASS,PASS,PASS,PASS,PASS,PASS,
bridge,3,,,EnterToken[0],agent,"[""owner"", ""q""]","[""q""]","[""q[j]""]","[""capacity"", ""owned_0"", ""owned_1"", ""owned_2""]","[""capacity"", ""owned_0"", ""owned_1"", ""owned_2""]","[""owner_domain"", ""capacity"", ""owned_0"", ""owned_1"", ""owned_2""]",finite_domain,action_declaration;init;implication;context;assumption;affected;unaffected;interference;global_step,complete_declared_finite_domain,PASS,PASS,PASS,PASS,PASS,PASS,PASS,PASS,PASS,PASS,
bridge,3,,,EnterToken[1],agent,"[""owner"", ""q""]","[""q""]","[""q[j]""]","[""capacity"", ""owned_0"", ""owned_1"", ""owned_2""]","[""capacity"", ""owned_0"", ""owned_1"", ""owned_2""]","[""owner_domain"", ""capacity"", ""owned_0"", ""owned_1"", ""owned_2""]",finite_domain,action_declaration;init;implication;context;assumption;affected;unaffected;interference;global_step,complete_declared_finite_domain,PASS,PASS,PASS,PASS,PASS,PASS,PASS,PASS,PASS,PASS,
bridge,3,,,EnterToken[2],agent,"[""owner"", ""q""]","[""q""]","[""q[j]""]","[""capacity"", ""owned_0"", ""owned_1"", ""owned_2""]","[""capacity"", ""owned_0"", ""owned_1"", ""owned_2""]","[""owner_domain"", ""capacity"", ""owned_0"", ""owned_1"", ""owned_2""]",finite_domain,action_declaration;init;implication;context;assumption;affected;unaffected;interference;global_step,complete_declared_finite_domain,PASS,PASS,PASS,PASS,PASS,PASS,PASS,PASS,PASS,PASS,
bridge,3,,,Exit[0],agent,"[""q""]","[""q""]","[""q[j]""]","[""capacity"", ""owned_0"", ""owned_1"", ""owned_2""]","[""capacity"", ""owned_0"", ""owned_1"", ""owned_2""]","[""owner_domain"", ""capacity"", ""owned_0"", ""owned_1"", ""owned_2""]",finite_domain,action_declaration;init;implication;context;assumption;affected;unaffected;interference;global_step,complete_declared_finite_domain,PASS,PASS,PASS,PASS,PASS,PASS,PASS,PASS,PASS,PASS,
bridge,3,,,Exit[1],agent,"[""q""]","[""q""]","[""q[j]""]","[""capacity"", ""owned_0"", ""owned_1"", ""owned_2""]","[""capacity"", ""owned_0"", ""owned_1"", ""owned_2""]","[""owner_domain"", ""capacity"", ""owned_0"", ""owned_1"", ""owned_2""]",finite_domain,action_declaration;init;implication;context;assumption;affected;unaffected;interference;global_step,complete_declared_finite_domain,PASS,PASS,PASS,PASS,PASS,PASS,PASS,PASS,PASS,PASS,
bridge,3,,,Exit[2],agent,"[""q""]","[""q""]","[""q[j]""]","[""capacity"", ""owned_0"", ""owned_1"", ""owned_2""]","[""capacity"", ""owned_0"", ""owned_1"", ""owned_2""]","[""owner_domain"", ""capacity"", ""owned_0"", ""owned_1"", ""owned_2""]",finite_domain,action_declaration;init;implication;context;assumption;affected;unaffected;interference;global_step,complete_declared_finite_domain,PASS,PASS,PASS,PASS,PASS,PASS,PASS,PASS,PASS,PASS,
bridge,3,,,Grant[0],manager,"[""owner"", ""q""]","[""owner""]","[""q[j]""]","[""owner_domain"", ""owned_0"", ""owned_1"", ""owned_2""]","[""owner_domain"", ""owned_0"", ""owned_1"", ""owned_2""]","[""owner_domain"", ""capacity"", ""owned_0"", ""owned_1"", ""owned_2""]",finite_domain,action_declaration;init;implication;context;assumption;affected;unaffected;interference;global_step,complete_declared_finite_domain,PASS,PASS,PASS,PASS,PASS,PASS,PASS,PASS,PASS,PASS,
bridge,3,,,Grant[1],manager,"[""owner"", ""q""]","[""owner""]","[""q[j]""]","[""owner_domain"", ""owned_0"", ""owned_1"", ""owned_2""]","[""owner_domain"", ""owned_0"", ""owned_1"", ""owned_2""]","[""owner_domain"", ""capacity"", ""owned_0"", ""owned_1"", ""owned_2""]",finite_domain,action_declaration;init;implication;context;assumption;affected;unaffected;interference;global_step,complete_declared_finite_domain,PASS,PASS,PASS,PASS,PASS,PASS,PASS,PASS,PASS,PASS,
bridge,3,,,Grant[2],manager,"[""owner"", ""q""]","[""owner""]","[""q[j]""]","[""owner_domain"", ""owned_0"", ""owned_1"", ""owned_2""]","[""owner_domain"", ""owned_0"", ""owned_1"", ""owned_2""]","[""owner_domain"", ""capacity"", ""owned_0"", ""owned_1"", ""owned_2""]",finite_domain,action_declaration;init;implication;context;assumption;affected;unaffected;interference;global_step,complete_declared_finite_domain,PASS,PASS,PASS,PASS,PASS,PASS,PASS,PASS,PASS,PASS,
bridge,3,,,Release[0],manager,"[""owner"", ""q""]","[""owner""]","[""q[j]""]","[""owner_domain"", ""owned_0"", ""owned_1"", ""owned_2""]","[""owner_domain"", ""owned_0"", ""owned_1"", ""owned_2""]","[""owner_domain"", ""capacity"", ""owned_0"", ""owned_1"", ""owned_2""]",finite_domain,action_declaration;init;implication;context;assumption;affected;unaffected;interference;global_step,complete_declared_finite_domain,PASS,PASS,PASS,PASS,PASS,PASS,PASS,PASS,PASS,PASS,
bridge,3,,,Release[1],manager,"[""owner"", ""q""]","[""owner""]","[""q[j]""]","[""owner_domain"", ""owned_0"", ""owned_1"", ""owned_2""]","[""owner_domain"", ""owned_0"", ""owned_1"", ""owned_2""]","[""owner_domain"", ""capacity"", ""owned_0"", ""owned_1"", ""owned_2""]",finite_domain,action_declaration;init;implication;context;assumption;affected;unaffected;interference;global_step,complete_declared_finite_domain,PASS,PASS,PASS,PASS,PASS,PASS,PASS,PASS,PASS,PASS,
bridge,3,,,Release[2],manager,"[""owner"", ""q""]","[""owner""]","[""q[j]""]","[""owner_domain"", ""owned_0"", ""owned_1"", ""owned_2""]","[""owner_domain"", ""owned_0"", ""owned_1"", ""owned_2""]","[""owner_domain"", ""capacity"", ""owned_0"", ""owned_1"", ""owned_2""]",finite_domain,action_declaration;init;implication;context;assumption;affected;unaffected;interference;global_step,complete_declared_finite_domain,PASS,PASS,PASS,PASS,PASS,PASS,PASS,PASS,PASS,PASS,
bridge,3,,,Request[0],agent,"[""q""]","[""q""]","[""q[j]""]","[""capacity"", ""owned_0"", ""owned_1"", ""owned_2""]","[""capacity"", ""owned_0"", ""owned_1"", ""owned_2""]","[""owner_domain"", ""capacity"", ""owned_0"", ""owned_1"", ""owned_2""]",finite_domain,action_declaration;init;implication;context;assumption;affected;unaffected;interference;global_step,complete_declared_finite_domain,PASS,PASS,PASS,PASS,PASS,PASS,PASS,PASS,PASS,PASS,
bridge,3,,,Request[1],agent,"[""q""]","[""q""]","[""q[j]""]","[""capacity"", ""owned_0"", ""owned_1"", ""owned_2""]","[""capacity"", ""owned_0"", ""owned_1"", ""owned_2""]","[""owner_domain"", ""capacity"", ""owned_0"", ""owned_1"", ""owned_2""]",finite_domain,action_declaration;init;implication;context;assumption;affected;unaffected;interference;global_step,complete_declared_finite_domain,PASS,PASS,PASS,PASS,PASS,PASS,PASS,PASS,PASS,PASS,
bridge,3,,,Request[2],agent,"[""q""]","[""q""]","[""q[j]""]","[""capacity"", ""owned_0"", ""owned_1"", ""owned_2""]","[""capacity"", ""owned_0"", ""owned_1"", ""owned_2""]","[""owner_domain"", ""capacity"", ""owned_0"", ""owned_1"", ""owned_2""]",finite_domain,action_declaration;init;implication;context;assumption;affected;unaffected;interference;global_step,complete_declared_finite_domain,PASS,PASS,PASS,PASS,PASS,PASS,PASS,PASS,PASS,PASS,
bridge,4,,,Cancel[0],agent,"[""owner"", ""q""]","[""q""]","[""q[j]""]","[""capacity"", ""owned_0"", ""owned_1"", ""owned_2"", ""owned_3""]","[""capacity"", ""owned_0"", ""owned_1"", ""owned_2"", ""owned_3""]","[""owner_domain"", ""capacity"", ""owned_0"", ""owned_1"", ""owned_2"", ""owned_3""]",finite_domain,action_declaration;init;implication;context;assumption;affected;unaffected;interference;global_step,complete_declared_finite_domain,PASS,PASS,PASS,PASS,PASS,PASS,PASS,PASS,PASS,PASS,
bridge,4,,,Cancel[1],agent,"[""owner"", ""q""]","[""q""]","[""q[j]""]","[""capacity"", ""owned_0"", ""owned_1"", ""owned_2"", ""owned_3""]","[""capacity"", ""owned_0"", ""owned_1"", ""owned_2"", ""owned_3""]","[""owner_domain"", ""capacity"", ""owned_0"", ""owned_1"", ""owned_2"", ""owned_3""]",finite_domain,action_declaration;init;implication;context;assumption;affected;unaffected;interference;global_step,complete_declared_finite_domain,PASS,PASS,PASS,PASS,PASS,PASS,PASS,PASS,PASS,PASS,
bridge,4,,,Cancel[2],agent,"[""owner"", ""q""]","[""q""]","[""q[j]""]","[""capacity"", ""owned_0"", ""owned_1"", ""owned_2"", ""owned_3""]","[""capacity"", ""owned_0"", ""owned_1"", ""owned_2"", ""owned_3""]","[""owner_domain"", ""capacity"", ""owned_0"", ""owned_1"", ""owned_2"", ""owned_3""]",finite_domain,action_declaration;init;implication;context;assumption;affected;unaffected;interference;global_step,complete_declared_finite_domain,PASS,PASS,PASS,PASS,PASS,PASS,PASS,PASS,PASS,PASS,
bridge,4,,,Cancel[3],agent,"[""owner"", ""q""]","[""q""]","[""q[j]""]","[""capacity"", ""owned_0"", ""owned_1"", ""owned_2"", ""owned_3""]","[""capacity"", ""owned_0"", ""owned_1"", ""owned_2"", ""owned_3""]","[""owner_domain"", ""capacity"", ""owned_0"", ""owned_1"", ""owned_2"", ""owned_3""]",finite_domain,action_declaration;init;implication;context;assumption;affected;unaffected;interference;global_step,complete_declared_finite_domain,PASS,PASS,PASS,PASS,PASS,PASS,PASS,PASS,PASS,PASS,
bridge,4,,,EnterToken[0],agent,"[""owner"", ""q""]","[""q""]","[""q[j]""]","[""capacity"", ""owned_0"", ""owned_1"", ""owned_2"", ""owned_3""]","[""capacity"", ""owned_0"", ""owned_1"", ""owned_2"", ""owned_3""]","[""owner_domain"", ""capacity"", ""owned_0"", ""owned_1"", ""owned_2"", ""owned_3""]",finite_domain,action_declaration;init;implication;context;assumption;affected;unaffected;interference;global_step,complete_declared_finite_domain,PASS,PASS,PASS,PASS,PASS,PASS,PASS,PASS,PASS,PASS,
bridge,4,,,EnterToken[1],agent,"[""owner"", ""q""]","[""q""]","[""q[j]""]","[""capacity"", ""owned_0"", ""owned_1"", ""owned_2"", ""owned_3""]","[""capacity"", ""owned_0"", ""owned_1"", ""owned_2"", ""owned_3""]","[""owner_domain"", ""capacity"", ""owned_0"", ""owned_1"", ""owned_2"", ""owned_3""]",finite_domain,action_declaration;init;implication;context;assumption;affected;unaffected;interference;global_step,complete_declared_finite_domain,PASS,PASS,PASS,PASS,PASS,PASS,PASS,PASS,PASS,PASS,
bridge,4,,,EnterToken[2],agent,"[""owner"", ""q""]","[""q""]","[""q[j]""]","[""capacity"", ""owned_0"", ""owned_1"", ""owned_2"", ""owned_3""]","[""capacity"", ""owned_0"", ""owned_1"", ""owned_2"", ""owned_3""]","[""owner_domain"", ""capacity"", ""owned_0"", ""owned_1"", ""owned_2"", ""owned_3""]",finite_domain,action_declaration;init;implication;context;assumption;affected;unaffected;interference;global_step,complete_declared_finite_domain,PASS,PASS,PASS,PASS,PASS,PASS,PASS,PASS,PASS,PASS,
bridge,4,,,EnterToken[3],agent,"[""owner"", ""q""]","[""q""]","[""q[j]""]","[""capacity"", ""owned_0"", ""owned_1"", ""owned_2"", ""owned_3""]","[""capacity"", ""owned_0"", ""owned_1"", ""owned_2"", ""owned_3""]","[""owner_domain"", ""capacity"", ""owned_0"", ""owned_1"", ""owned_2"", ""owned_3""]",finite_domain,action_declaration;init;implication;context;assumption;affected;unaffected;interference;global_step,complete_declared_finite_domain,PASS,PASS,PASS,PASS,PASS,PASS,PASS,PASS,PASS,PASS,
bridge,4,,,Exit[0],agent,"[""q""]","[""q""]","[""q[j]""]","[""capacity"", ""owned_0"", ""owned_1"", ""owned_2"", ""owned_3""]","[""capacity"", ""owned_0"", ""owned_1"", ""owned_2"", ""owned_3""]","[""owner_domain"", ""capacity"", ""owned_0"", ""owned_1"", ""owned_2"", ""owned_3""]",finite_domain,action_declaration;init;implication;context;assumption;affected;unaffected;interference;global_step,complete_declared_finite_domain,PASS,PASS,PASS,PASS,PASS,PASS,PASS,PASS,PASS,PASS,
bridge,4,,,Exit[1],agent,"[""q""]","[""q""]","[""q[j]""]","[""capacity"", ""owned_0"", ""owned_1"", ""owned_2"", ""owned_3""]","[""capacity"", ""owned_0"", ""owned_1"", ""owned_2"", ""owned_3""]","[""owner_domain"", ""capacity"", ""owned_0"", ""owned_1"", ""owned_2"", ""owned_3""]",finite_domain,action_declaration;init;implication;context;assumption;affected;unaffected;interference;global_step,complete_declared_finite_domain,PASS,PASS,PASS,PASS,PASS,PASS,PASS,PASS,PASS,PASS,
bridge,4,,,Exit[2],agent,"[""q""]","[""q""]","[""q[j]""]","[""capacity"", ""owned_0"", ""owned_1"", ""owned_2"", ""owned_3""]","[""capacity"", ""owned_0"", ""owned_1"", ""owned_2"", ""owned_3""]","[""owner_domain"", ""capacity"", ""owned_0"", ""owned_1"", ""owned_2"", ""owned_3""]",finite_domain,action_declaration;init;implication;context;assumption;affected;unaffected;interference;global_step,complete_declared_finite_domain,PASS,PASS,PASS,PASS,PASS,PASS,PASS,PASS,PASS,PASS,
bridge,4,,,Exit[3],agent,"[""q""]","[""q""]","[""q[j]""]","[""capacity"", ""owned_0"", ""owned_1"", ""owned_2"", ""owned_3""]","[""capacity"", ""owned_0"", ""owned_1"", ""owned_2"", ""owned_3""]","[""owner_domain"", ""capacity"", ""owned_0"", ""owned_1"", ""owned_2"", ""owned_3""]",finite_domain,action_declaration;init;implication;context;assumption;affected;unaffected;interference;global_step,complete_declared_finite_domain,PASS,PASS,PASS,PASS,PASS,PASS,PASS,PASS,PASS,PASS,
bridge,4,,,Grant[0],manager,"[""owner"", ""q""]","[""owner""]","[""q[j]""]","[""owner_domain"", ""owned_0"", ""owned_1"", ""owned_2"", ""owned_3""]","[""owner_domain"", ""owned_0"", ""owned_1"", ""owned_2"", ""owned_3""]","[""owner_domain"", ""capacity"", ""owned_0"", ""owned_1"", ""owned_2"", ""owned_3""]",finite_domain,action_declaration;init;implication;context;assumption;affected;unaffected;interference;global_step,complete_declared_finite_domain,PASS,PASS,PASS,PASS,PASS,PASS,PASS,PASS,PASS,PASS,
bridge,4,,,Grant[1],manager,"[""owner"", ""q""]","[""owner""]","[""q[j]""]","[""owner_domain"", ""owned_0"", ""owned_1"", ""owned_2"", ""owned_3""]","[""owner_domain"", ""owned_0"", ""owned_1"", ""owned_2"", ""owned_3""]","[""owner_domain"", ""capacity"", ""owned_0"", ""owned_1"", ""owned_2"", ""owned_3""]",finite_domain,action_declaration;init;implication;context;assumption;affected;unaffected;interference;global_step,complete_declared_finite_domain,PASS,PASS,PASS,PASS,PASS,PASS,PASS,PASS,PASS,PASS,
bridge,4,,,Grant[2],manager,"[""owner"", ""q""]","[""owner""]","[""q[j]""]","[""owner_domain"", ""owned_0"", ""owned_1"", ""owned_2"", ""owned_3""]","[""owner_domain"", ""owned_0"", ""owned_1"", ""owned_2"", ""owned_3""]","[""owner_domain"", ""capacity"", ""owned_0"", ""owned_1"", ""owned_2"", ""owned_3""]",finite_domain,action_declaration;init;implication;context;assumption;affected;unaffected;interference;global_step,complete_declared_finite_domain,PASS,PASS,PASS,PASS,PASS,PASS,PASS,PASS,PASS,PASS,
bridge,4,,,Grant[3],manager,"[""owner"", ""q""]","[""owner""]","[""q[j]""]","[""owner_domain"", ""owned_0"", ""owned_1"", ""owned_2"", ""owned_3""]","[""owner_domain"", ""owned_0"", ""owned_1"", ""owned_2"", ""owned_3""]","[""owner_domain"", ""capacity"", ""owned_0"", ""owned_1"", ""owned_2"", ""owned_3""]",finite_domain,action_declaration;init;implication;context;assumption;affected;unaffected;interference;global_step,complete_declared_finite_domain,PASS,PASS,PASS,PASS,PASS,PASS,PASS,PASS,PASS,PASS,
bridge,4,,,Release[0],manager,"[""owner"", ""q""]","[""owner""]","[""q[j]""]","[""owner_domain"", ""owned_0"", ""owned_1"", ""owned_2"", ""owned_3""]","[""owner_domain"", ""owned_0"", ""owned_1"", ""owned_2"", ""owned_3""]","[""owner_domain"", ""capacity"", ""owned_0"", ""owned_1"", ""owned_2"", ""owned_3""]",finite_domain,action_declaration;init;implication;context;assumption;affected;unaffected;interference;global_step,complete_declared_finite_domain,PASS,PASS,PASS,PASS,PASS,PASS,PASS,PASS,PASS,PASS,
bridge,4,,,Release[1],manager,"[""owner"", ""q""]","[""owner""]","[""q[j]""]","[""owner_domain"", ""owned_0"", ""owned_1"", ""owned_2"", ""owned_3""]","[""owner_domain"", ""owned_0"", ""owned_1"", ""owned_2"", ""owned_3""]","[""owner_domain"", ""capacity"", ""owned_0"", ""owned_1"", ""owned_2"", ""owned_3""]",finite_domain,action_declaration;init;implication;context;assumption;affected;unaffected;interference;global_step,complete_declared_finite_domain,PASS,PASS,PASS,PASS,PASS,PASS,PASS,PASS,PASS,PASS,
bridge,4,,,Release[2],manager,"[""owner"", ""q""]","[""owner""]","[""q[j]""]","[""owner_domain"", ""owned_0"", ""owned_1"", ""owned_2"", ""owned_3""]","[""owner_domain"", ""owned_0"", ""owned_1"", ""owned_2"", ""owned_3""]","[""owner_domain"", ""capacity"", ""owned_0"", ""owned_1"", ""owned_2"", ""owned_3""]",finite_domain,action_declaration;init;implication;context;assumption;affected;unaffected;interference;global_step,complete_declared_finite_domain,PASS,PASS,PASS,PASS,PASS,PASS,PASS,PASS,PASS,PASS,
bridge,4,,,Release[3],manager,"[""owner"", ""q""]","[""owner""]","[""q[j]""]","[""owner_domain"", ""owned_0"", ""owned_1"", ""owned_2"", ""owned_3""]","[""owner_domain"", ""owned_0"", ""owned_1"", ""owned_2"", ""owned_3""]","[""owner_domain"", ""capacity"", ""owned_0"", ""owned_1"", ""owned_2"", ""owned_3""]",finite_domain,action_declaration;init;implication;context;assumption;affected;unaffected;interference;global_step,complete_declared_finite_domain,PASS,PASS,PASS,PASS,PASS,PASS,PASS,PASS,PASS,PASS,
bridge,4,,,Request[0],agent,"[""q""]","[""q""]","[""q[j]""]","[""capacity"", ""owned_0"", ""owned_1"", ""owned_2"", ""owned_3""]","[""capacity"", ""owned_0"", ""owned_1"", ""owned_2"", ""owned_3""]","[""owner_domain"", ""capacity"", ""owned_0"", ""owned_1"", ""owned_2"", ""owned_3""]",finite_domain,action_declaration;init;implication;context;assumption;affected;unaffected;interference;global_step,complete_declared_finite_domain,PASS,PASS,PASS,PASS,PASS,PASS,PASS,PASS,PASS,PASS,
bridge,4,,,Request[1],agent,"[""q""]","[""q""]","[""q[j]""]","[""capacity"", ""owned_0"", ""owned_1"", ""owned_2"", ""owned_3""]","[""capacity"", ""owned_0"", ""owned_1"", ""owned_2"", ""owned_3""]","[""owner_domain"", ""capacity"", ""owned_0"", ""owned_1"", ""owned_2"", ""owned_3""]",finite_domain,action_declaration;init;implication;context;assumption;affected;unaffected;interference;global_step,complete_declared_finite_domain,PASS,PASS,PASS,PASS,PASS,PASS,PASS,PASS,PASS,PASS,
bridge,4,,,Request[2],agent,"[""q""]","[""q""]","[""q[j]""]","[""capacity"", ""owned_0"", ""owned_1"", ""owned_2"", ""owned_3""]","[""capacity"", ""owned_0"", ""owned_1"", ""owned_2"", ""owned_3""]","[""owner_domain"", ""capacity"", ""owned_0"", ""owned_1"", ""owned_2"", ""owned_3""]",finite_domain,action_declaration;init;implication;context;assumption;affected;unaffected;interference;global_step,complete_declared_finite_domain,PASS,PASS,PASS,PASS,PASS,PASS,PASS,PASS,PASS,PASS,
bridge,4,,,Request[3],agent,"[""q""]","[""q""]","[""q[j]""]","[""capacity"", ""owned_0"", ""owned_1"", ""owned_2"", ""owned_3""]","[""capacity"", ""owned_0"", ""owned_1"", ""owned_2"", ""owned_3""]","[""owner_domain"", ""capacity"", ""owned_0"", ""owned_1"", ""owned_2"", ""owned_3""]",finite_domain,action_declaration;init;implication;context;assumption;affected;unaffected;interference;global_step,complete_declared_finite_domain,PASS,PASS,PASS,PASS,PASS,PASS,PASS,PASS,PASS,PASS,
bridge,5,,,Cancel[0],agent,"[""owner"", ""q""]","[""q""]","[""q[j]""]","[""capacity"", ""owned_0"", ""owned_1"", ""owned_2"", ""owned_3"", ""owned_4""]","[""capacity"", ""owned_0"", ""owned_1"", ""owned_2"", ""owned_3"", ""owned_4""]","[""owner_domain"", ""capacity"", ""owned_0"", ""owned_1"", ""owned_2"", ""owned_3"", ""owned_4""]",finite_domain,action_declaration;init;implication;context;assumption;affected;unaffected;interference;global_step,complete_declared_finite_domain,PASS,PASS,PASS,PASS,PASS,PASS,PASS,PASS,PASS,PASS,
bridge,5,,,Cancel[1],agent,"[""owner"", ""q""]","[""q""]","[""q[j]""]","[""capacity"", ""owned_0"", ""owned_1"", ""owned_2"", ""owned_3"", ""owned_4""]","[""capacity"", ""owned_0"", ""owned_1"", ""owned_2"", ""owned_3"", ""owned_4""]","[""owner_domain"", ""capacity"", ""owned_0"", ""owned_1"", ""owned_2"", ""owned_3"", ""owned_4""]",finite_domain,action_declaration;init;implication;context;assumption;affected;unaffected;interference;global_step,complete_declared_finite_domain,PASS,PASS,PASS,PASS,PASS,PASS,PASS,PASS,PASS,PASS,
bridge,5,,,Cancel[2],agent,"[""owner"", ""q""]","[""q""]","[""q[j]""]","[""capacity"", ""owned_0"", ""owned_1"", ""owned_2"", ""owned_3"", ""owned_4""]","[""capacity"", ""owned_0"", ""owned_1"", ""owned_2"", ""owned_3"", ""owned_4""]","[""owner_domain"", ""capacity"", ""owned_0"", ""owned_1"", ""owned_2"", ""owned_3"", ""owned_4""]",finite_domain,action_declaration;init;implication;context;assumption;affected;unaffected;interference;global_step,complete_declared_finite_domain,PASS,PASS,PASS,PASS,PASS,PASS,PASS,PASS,PASS,PASS,
bridge,5,,,Cancel[3],agent,"[""owner"", ""q""]","[""q""]","[""q[j]""]","[""capacity"", ""owned_0"", ""owned_1"", ""owned_2"", ""owned_3"", ""owned_4""]","[""capacity"", ""owned_0"", ""owned_1"", ""owned_2"", ""owned_3"", ""owned_4""]","[""owner_domain"", ""capacity"", ""owned_0"", ""owned_1"", ""owned_2"", ""owned_3"", ""owned_4""]",finite_domain,action_declaration;init;implication;context;assumption;affected;unaffected;interference;global_step,complete_declared_finite_domain,PASS,PASS,PASS,PASS,PASS,PASS,PASS,PASS,PASS,PASS,
bridge,5,,,Cancel[4],agent,"[""owner"", ""q""]","[""q""]","[""q[j]""]","[""capacity"", ""owned_0"", ""owned_1"", ""owned_2"", ""owned_3"", ""owned_4""]","[""capacity"", ""owned_0"", ""owned_1"", ""owned_2"", ""owned_3"", ""owned_4""]","[""owner_domain"", ""capacity"", ""owned_0"", ""owned_1"", ""owned_2"", ""owned_3"", ""owned_4""]",finite_domain,action_declaration;init;implication;context;assumption;affected;unaffected;interference;global_step,complete_declared_finite_domain,PASS,PASS,PASS,PASS,PASS,PASS,PASS,PASS,PASS,PASS,
bridge,5,,,EnterToken[0],agent,"[""owner"", ""q""]","[""q""]","[""q[j]""]","[""capacity"", ""owned_0"", ""owned_1"", ""owned_2"", ""owned_3"", ""owned_4""]","[""capacity"", ""owned_0"", ""owned_1"", ""owned_2"", ""owned_3"", ""owned_4""]","[""owner_domain"", ""capacity"", ""owned_0"", ""owned_1"", ""owned_2"", ""owned_3"", ""owned_4""]",finite_domain,action_declaration;init;implication;context;assumption;affected;unaffected;interference;global_step,complete_declared_finite_domain,PASS,PASS,PASS,PASS,PASS,PASS,PASS,PASS,PASS,PASS,
bridge,5,,,EnterToken[1],agent,"[""owner"", ""q""]","[""q""]","[""q[j]""]","[""capacity"", ""owned_0"", ""owned_1"", ""owned_2"", ""owned_3"", ""owned_4""]","[""capacity"", ""owned_0"", ""owned_1"", ""owned_2"", ""owned_3"", ""owned_4""]","[""owner_domain"", ""capacity"", ""owned_0"", ""owned_1"", ""owned_2"", ""owned_3"", ""owned_4""]",finite_domain,action_declaration;init;implication;context;assumption;affected;unaffected;interference;global_step,complete_declared_finite_domain,PASS,PASS,PASS,PASS,PASS,PASS,PASS,PASS,PASS,PASS,
bridge,5,,,EnterToken[2],agent,"[""owner"", ""q""]","[""q""]","[""q[j]""]","[""capacity"", ""owned_0"", ""owned_1"", ""owned_2"", ""owned_3"", ""owned_4""]","[""capacity"", ""owned_0"", ""owned_1"", ""owned_2"", ""owned_3"", ""owned_4""]","[""owner_domain"", ""capacity"", ""owned_0"", ""owned_1"", ""owned_2"", ""owned_3"", ""owned_4""]",finite_domain,action_declaration;init;implication;context;assumption;affected;unaffected;interference;global_step,complete_declared_finite_domain,PASS,PASS,PASS,PASS,PASS,PASS,PASS,PASS,PASS,PASS,
bridge,5,,,EnterToken[3],agent,"[""owner"", ""q""]","[""q""]","[""q[j]""]","[""capacity"", ""owned_0"", ""owned_1"", ""owned_2"", ""owned_3"", ""owned_4""]","[""capacity"", ""owned_0"", ""owned_1"", ""owned_2"", ""owned_3"", ""owned_4""]","[""owner_domain"", ""capacity"", ""owned_0"", ""owned_1"", ""owned_2"", ""owned_3"", ""owned_4""]",finite_domain,action_declaration;init;implication;context;assumption;affected;unaffected;interference;global_step,complete_declared_finite_domain,PASS,PASS,PASS,PASS,PASS,PASS,PASS,PASS,PASS,PASS,
bridge,5,,,EnterToken[4],agent,"[""owner"", ""q""]","[""q""]","[""q[j]""]","[""capacity"", ""owned_0"", ""owned_1"", ""owned_2"", ""owned_3"", ""owned_4""]","[""capacity"", ""owned_0"", ""owned_1"", ""owned_2"", ""owned_3"", ""owned_4""]","[""owner_domain"", ""capacity"", ""owned_0"", ""owned_1"", ""owned_2"", ""owned_3"", ""owned_4""]",finite_domain,action_declaration;init;implication;context;assumption;affected;unaffected;interference;global_step,complete_declared_finite_domain,PASS,PASS,PASS,PASS,PASS,PASS,PASS,PASS,PASS,PASS,
bridge,5,,,Exit[0],agent,"[""q""]","[""q""]","[""q[j]""]","[""capacity"", ""owned_0"", ""owned_1"", ""owned_2"", ""owned_3"", ""owned_4""]","[""capacity"", ""owned_0"", ""owned_1"", ""owned_2"", ""owned_3"", ""owned_4""]","[""owner_domain"", ""capacity"", ""owned_0"", ""owned_1"", ""owned_2"", ""owned_3"", ""owned_4""]",finite_domain,action_declaration;init;implication;context;assumption;affected;unaffected;interference;global_step,complete_declared_finite_domain,PASS,PASS,PASS,PASS,PASS,PASS,PASS,PASS,PASS,PASS,
bridge,5,,,Exit[1],agent,"[""q""]","[""q""]","[""q[j]""]","[""capacity"", ""owned_0"", ""owned_1"", ""owned_2"", ""owned_3"", ""owned_4""]","[""capacity"", ""owned_0"", ""owned_1"", ""owned_2"", ""owned_3"", ""owned_4""]","[""owner_domain"", ""capacity"", ""owned_0"", ""owned_1"", ""owned_2"", ""owned_3"", ""owned_4""]",finite_domain,action_declaration;init;implication;context;assumption;affected;unaffected;interference;global_step,complete_declared_finite_domain,PASS,PASS,PASS,PASS,PASS,PASS,PASS,PASS,PASS,PASS,
bridge,5,,,Exit[2],agent,"[""q""]","[""q""]","[""q[j]""]","[""capacity"", ""owned_0"", ""owned_1"", ""owned_2"", ""owned_3"", ""owned_4""]","[""capacity"", ""owned_0"", ""owned_1"", ""owned_2"", ""owned_3"", ""owned_4""]","[""owner_domain"", ""capacity"", ""owned_0"", ""owned_1"", ""owned_2"", ""owned_3"", ""owned_4""]",finite_domain,action_declaration;init;implication;context;assumption;affected;unaffected;interference;global_step,complete_declared_finite_domain,PASS,PASS,PASS,PASS,PASS,PASS,PASS,PASS,PASS,PASS,
bridge,5,,,Exit[3],agent,"[""q""]","[""q""]","[""q[j]""]","[""capacity"", ""owned_0"", ""owned_1"", ""owned_2"", ""owned_3"", ""owned_4""]","[""capacity"", ""owned_0"", ""owned_1"", ""owned_2"", ""owned_3"", ""owned_4""]","[""owner_domain"", ""capacity"", ""owned_0"", ""owned_1"", ""owned_2"", ""owned_3"", ""owned_4""]",finite_domain,action_declaration;init;implication;context;assumption;affected;unaffected;interference;global_step,complete_declared_finite_domain,PASS,PASS,PASS,PASS,PASS,PASS,PASS,PASS,PASS,PASS,
bridge,5,,,Exit[4],agent,"[""q""]","[""q""]","[""q[j]""]","[""capacity"", ""owned_0"", ""owned_1"", ""owned_2"", ""owned_3"", ""owned_4""]","[""capacity"", ""owned_0"", ""owned_1"", ""owned_2"", ""owned_3"", ""owned_4""]","[""owner_domain"", ""capacity"", ""owned_0"", ""owned_1"", ""owned_2"", ""owned_3"", ""owned_4""]",finite_domain,action_declaration;init;implication;context;assumption;affected;unaffected;interference;global_step,complete_declared_finite_domain,PASS,PASS,PASS,PASS,PASS,PASS,PASS,PASS,PASS,PASS,
bridge,5,,,Grant[0],manager,"[""owner"", ""q""]","[""owner""]","[""q[j]""]","[""owner_domain"", ""owned_0"", ""owned_1"", ""owned_2"", ""owned_3"", ""owned_4""]","[""owner_domain"", ""owned_0"", ""owned_1"", ""owned_2"", ""owned_3"", ""owned_4""]","[""owner_domain"", ""capacity"", ""owned_0"", ""owned_1"", ""owned_2"", ""owned_3"", ""owned_4""]",finite_domain,action_declaration;init;implication;context;assumption;affected;unaffected;interference;global_step,complete_declared_finite_domain,PASS,PASS,PASS,PASS,PASS,PASS,PASS,PASS,PASS,PASS,
bridge,5,,,Grant[1],manager,"[""owner"", ""q""]","[""owner""]","[""q[j]""]","[""owner_domain"", ""owned_0"", ""owned_1"", ""owned_2"", ""owned_3"", ""owned_4""]","[""owner_domain"", ""owned_0"", ""owned_1"", ""owned_2"", ""owned_3"", ""owned_4""]","[""owner_domain"", ""capacity"", ""owned_0"", ""owned_1"", ""owned_2"", ""owned_3"", ""owned_4""]",finite_domain,action_declaration;init;implication;context;assumption;affected;unaffected;interference;global_step,complete_declared_finite_domain,PASS,PASS,PASS,PASS,PASS,PASS,PASS,PASS,PASS,PASS,
bridge,5,,,Grant[2],manager,"[""owner"", ""q""]","[""owner""]","[""q[j]""]","[""owner_domain"", ""owned_0"", ""owned_1"", ""owned_2"", ""owned_3"", ""owned_4""]","[""owner_domain"", ""owned_0"", ""owned_1"", ""owned_2"", ""owned_3"", ""owned_4""]","[""owner_domain"", ""capacity"", ""owned_0"", ""owned_1"", ""owned_2"", ""owned_3"", ""owned_4""]",finite_domain,action_declaration;init;implication;context;assumption;affected;unaffected;interference;global_step,complete_declared_finite_domain,PASS,PASS,PASS,PASS,PASS,PASS,PASS,PASS,PASS,PASS,
bridge,5,,,Grant[3],manager,"[""owner"", ""q""]","[""owner""]","[""q[j]""]","[""owner_domain"", ""owned_0"", ""owned_1"", ""owned_2"", ""owned_3"", ""owned_4""]","[""owner_domain"", ""owned_0"", ""owned_1"", ""owned_2"", ""owned_3"", ""owned_4""]","[""owner_domain"", ""capacity"", ""owned_0"", ""owned_1"", ""owned_2"", ""owned_3"", ""owned_4""]",finite_domain,action_declaration;init;implication;context;assumption;affected;unaffected;interference;global_step,complete_declared_finite_domain,PASS,PASS,PASS,PASS,PASS,PASS,PASS,PASS,PASS,PASS,
bridge,5,,,Grant[4],manager,"[""owner"", ""q""]","[""owner""]","[""q[j]""]","[""owner_domain"", ""owned_0"", ""owned_1"", ""owned_2"", ""owned_3"", ""owned_4""]","[""owner_domain"", ""owned_0"", ""owned_1"", ""owned_2"", ""owned_3"", ""owned_4""]","[""owner_domain"", ""capacity"", ""owned_0"", ""owned_1"", ""owned_2"", ""owned_3"", ""owned_4""]",finite_domain,action_declaration;init;implication;context;assumption;affected;unaffected;interference;global_step,complete_declared_finite_domain,PASS,PASS,PASS,PASS,PASS,PASS,PASS,PASS,PASS,PASS,
bridge,5,,,Release[0],manager,"[""owner"", ""q""]","[""owner""]","[""q[j]""]","[""owner_domain"", ""owned_0"", ""owned_1"", ""owned_2"", ""owned_3"", ""owned_4""]","[""owner_domain"", ""owned_0"", ""owned_1"", ""owned_2"", ""owned_3"", ""owned_4""]","[""owner_domain"", ""capacity"", ""owned_0"", ""owned_1"", ""owned_2"", ""owned_3"", ""owned_4""]",finite_domain,action_declaration;init;implication;context;assumption;affected;unaffected;interference;global_step,complete_declared_finite_domain,PASS,PASS,PASS,PASS,PASS,PASS,PASS,PASS,PASS,PASS,
bridge,5,,,Release[1],manager,"[""owner"", ""q""]","[""owner""]","[""q[j]""]","[""owner_domain"", ""owned_0"", ""owned_1"", ""owned_2"", ""owned_3"", ""owned_4""]","[""owner_domain"", ""owned_0"", ""owned_1"", ""owned_2"", ""owned_3"", ""owned_4""]","[""owner_domain"", ""capacity"", ""owned_0"", ""owned_1"", ""owned_2"", ""owned_3"", ""owned_4""]",finite_domain,action_declaration;init;implication;context;assumption;affected;unaffected;interference;global_step,complete_declared_finite_domain,PASS,PASS,PASS,PASS,PASS,PASS,PASS,PASS,PASS,PASS,
bridge,5,,,Release[2],manager,"[""owner"", ""q""]","[""owner""]","[""q[j]""]","[""owner_domain"", ""owned_0"", ""owned_1"", ""owned_2"", ""owned_3"", ""owned_4""]","[""owner_domain"", ""owned_0"", ""owned_1"", ""owned_2"", ""owned_3"", ""owned_4""]","[""owner_domain"", ""capacity"", ""owned_0"", ""owned_1"", ""owned_2"", ""owned_3"", ""owned_4""]",finite_domain,action_declaration;init;implication;context;assumption;affected;unaffected;interference;global_step,complete_declared_finite_domain,PASS,PASS,PASS,PASS,PASS,PASS,PASS,PASS,PASS,PASS,
bridge,5,,,Release[3],manager,"[""owner"", ""q""]","[""owner""]","[""q[j]""]","[""owner_domain"", ""owned_0"", ""owned_1"", ""owned_2"", ""owned_3"", ""owned_4""]","[""owner_domain"", ""owned_0"", ""owned_1"", ""owned_2"", ""owned_3"", ""owned_4""]","[""owner_domain"", ""capacity"", ""owned_0"", ""owned_1"", ""owned_2"", ""owned_3"", ""owned_4""]",finite_domain,action_declaration;init;implication;context;assumption;affected;unaffected;interference;global_step,complete_declared_finite_domain,PASS,PASS,PASS,PASS,PASS,PASS,PASS,PASS,PASS,PASS,
bridge,5,,,Release[4],manager,"[""owner"", ""q""]","[""owner""]","[""q[j]""]","[""owner_domain"", ""owned_0"", ""owned_1"", ""owned_2"", ""owned_3"", ""owned_4""]","[""owner_domain"", ""owned_0"", ""owned_1"", ""owned_2"", ""owned_3"", ""owned_4""]","[""owner_domain"", ""capacity"", ""owned_0"", ""owned_1"", ""owned_2"", ""owned_3"", ""owned_4""]",finite_domain,action_declaration;init;implication;context;assumption;affected;unaffected;interference;global_step,complete_declared_finite_domain,PASS,PASS,PASS,PASS,PASS,PASS,PASS,PASS,PASS,PASS,
bridge,5,,,Request[0],agent,"[""q""]","[""q""]","[""q[j]""]","[""capacity"", ""owned_0"", ""owned_1"", ""owned_2"", ""owned_3"", ""owned_4""]","[""capacity"", ""owned_0"", ""owned_1"", ""owned_2"", ""owned_3"", ""owned_4""]","[""owner_domain"", ""capacity"", ""owned_0"", ""owned_1"", ""owned_2"", ""owned_3"", ""owned_4""]",finite_domain,action_declaration;init;implication;context;assumption;affected;unaffected;interference;global_step,complete_declared_finite_domain,PASS,PASS,PASS,PASS,PASS,PASS,PASS,PASS,PASS,PASS,
bridge,5,,,Request[1],agent,"[""q""]","[""q""]","[""q[j]""]","[""capacity"", ""owned_0"", ""owned_1"", ""owned_2"", ""owned_3"", ""owned_4""]","[""capacity"", ""owned_0"", ""owned_1"", ""owned_2"", ""owned_3"", ""owned_4""]","[""owner_domain"", ""capacity"", ""owned_0"", ""owned_1"", ""owned_2"", ""owned_3"", ""owned_4""]",finite_domain,action_declaration;init;implication;context;assumption;affected;unaffected;interference;global_step,complete_declared_finite_domain,PASS,PASS,PASS,PASS,PASS,PASS,PASS,PASS,PASS,PASS,
bridge,5,,,Request[2],agent,"[""q""]","[""q""]","[""q[j]""]","[""capacity"", ""owned_0"", ""owned_1"", ""owned_2"", ""owned_3"", ""owned_4""]","[""capacity"", ""owned_0"", ""owned_1"", ""owned_2"", ""owned_3"", ""owned_4""]","[""owner_domain"", ""capacity"", ""owned_0"", ""owned_1"", ""owned_2"", ""owned_3"", ""owned_4""]",finite_domain,action_declaration;init;implication;context;assumption;affected;unaffected;interference;global_step,complete_declared_finite_domain,PASS,PASS,PASS,PASS,PASS,PASS,PASS,PASS,PASS,PASS,
bridge,5,,,Request[3],agent,"[""q""]","[""q""]","[""q[j]""]","[""capacity"", ""owned_0"", ""owned_1"", ""owned_2"", ""owned_3"", ""owned_4""]","[""capacity"", ""owned_0"", ""owned_1"", ""owned_2"", ""owned_3"", ""owned_4""]","[""owner_domain"", ""capacity"", ""owned_0"", ""owned_1"", ""owned_2"", ""owned_3"", ""owned_4""]",finite_domain,action_declaration;init;implication;context;assumption;affected;unaffected;interference;global_step,complete_declared_finite_domain,PASS,PASS,PASS,PASS,PASS,PASS,PASS,PASS,PASS,PASS,
bridge,5,,,Request[4],agent,"[""q""]","[""q""]","[""q[j]""]","[""capacity"", ""owned_0"", ""owned_1"", ""owned_2"", ""owned_3"", ""owned_4""]","[""capacity"", ""owned_0"", ""owned_1"", ""owned_2"", ""owned_3"", ""owned_4""]","[""owner_domain"", ""capacity"", ""owned_0"", ""owned_1"", ""owned_2"", ""owned_3"", ""owned_4""]",finite_domain,action_declaration;init;implication;context;assumption;affected;unaffected;interference;global_step,complete_declared_finite_domain,PASS,PASS,PASS,PASS,PASS,PASS,PASS,PASS,PASS,PASS,
quota,2,2,1,ConsumeAllocated[0],agent,"[""p"", ""a""]","[""p""]","[""p[j]""]","[""nonnegative_0"", ""consumption_le_allocation_0"", ""nonnegative_1"", ""consumption_le_allocation_1""]","[""nonnegative_0"", ""consumption_le_allocation_0"", ""nonnegative_1"", ""consumption_le_allocation_1""]","[""total_allocation"", ""nonnegative_0"", ""nonnegative_1"", ""consumption_le_allocation_0"", ""consumption_le_allocation_1""]",finite_domain,action_declaration;init;implication;context;assumption;affected;unaffected;interference;global_step,complete_declared_finite_domain,PASS,PASS,PASS,PASS,PASS,PASS,PASS,PASS,PASS,PASS,
quota,2,2,1,ConsumeAllocated[1],agent,"[""p"", ""a""]","[""p""]","[""p[j]""]","[""nonnegative_0"", ""consumption_le_allocation_0"", ""nonnegative_1"", ""consumption_le_allocation_1""]","[""nonnegative_0"", ""consumption_le_allocation_0"", ""nonnegative_1"", ""consumption_le_allocation_1""]","[""total_allocation"", ""nonnegative_0"", ""nonnegative_1"", ""consumption_le_allocation_0"", ""consumption_le_allocation_1""]",finite_domain,action_declaration;init;implication;context;assumption;affected;unaffected;interference;global_step,complete_declared_finite_domain,PASS,PASS,PASS,PASS,PASS,PASS,PASS,PASS,PASS,PASS,
quota,2,2,1,Finish[0],agent,"[""p""]","[""p""]","[""p[j]""]","[""nonnegative_0"", ""consumption_le_allocation_0"", ""nonnegative_1"", ""consumption_le_allocation_1""]","[""nonnegative_0"", ""consumption_le_allocation_0"", ""nonnegative_1"", ""consumption_le_allocation_1""]","[""total_allocation"", ""nonnegative_0"", ""nonnegative_1"", ""consumption_le_allocation_0"", ""consumption_le_allocation_1""]",finite_domain,action_declaration;init;implication;context;assumption;affected;unaffected;interference;global_step,complete_declared_finite_domain,PASS,PASS,PASS,PASS,PASS,PASS,PASS,PASS,PASS,PASS,
quota,2,2,1,Finish[1],agent,"[""p""]","[""p""]","[""p[j]""]","[""nonnegative_0"", ""consumption_le_allocation_0"", ""nonnegative_1"", ""consumption_le_allocation_1""]","[""nonnegative_0"", ""consumption_le_allocation_0"", ""nonnegative_1"", ""consumption_le_allocation_1""]","[""total_allocation"", ""nonnegative_0"", ""nonnegative_1"", ""consumption_le_allocation_0"", ""consumption_le_allocation_1""]",finite_domain,action_declaration;init;implication;context;assumption;affected;unaffected;interference;global_step,complete_declared_finite_domain,PASS,PASS,PASS,PASS,PASS,PASS,PASS,PASS,PASS,PASS,
quota,2,2,1,GrantQuota[0],manager,"[""a""]","[""a""]","[""a[j]""]","[""total_allocation"", ""consumption_le_allocation_0"", ""consumption_le_allocation_1""]","[""total_allocation"", ""consumption_le_allocation_0"", ""consumption_le_allocation_1""]","[""total_allocation"", ""nonnegative_0"", ""nonnegative_1"", ""consumption_le_allocation_0"", ""consumption_le_allocation_1""]",finite_domain,action_declaration;init;implication;context;assumption;affected;unaffected;interference;global_step,complete_declared_finite_domain,PASS,PASS,PASS,PASS,PASS,PASS,PASS,PASS,PASS,PASS,
quota,2,2,1,GrantQuota[1],manager,"[""a""]","[""a""]","[""a[j]""]","[""total_allocation"", ""consumption_le_allocation_0"", ""consumption_le_allocation_1""]","[""total_allocation"", ""consumption_le_allocation_0"", ""consumption_le_allocation_1""]","[""total_allocation"", ""nonnegative_0"", ""nonnegative_1"", ""consumption_le_allocation_0"", ""consumption_le_allocation_1""]",finite_domain,action_declaration;init;implication;context;assumption;affected;unaffected;interference;global_step,complete_declared_finite_domain,PASS,PASS,PASS,PASS,PASS,PASS,PASS,PASS,PASS,PASS,
quota,2,2,1,ReleaseQuota[0],manager,"[""p"", ""a""]","[""a""]","[""a[j]""]","[""total_allocation"", ""consumption_le_allocation_0"", ""consumption_le_allocation_1""]","[""total_allocation"", ""consumption_le_allocation_0"", ""consumption_le_allocation_1""]","[""total_allocation"", ""nonnegative_0"", ""nonnegative_1"", ""consumption_le_allocation_0"", ""consumption_le_allocation_1""]",finite_domain,action_declaration;init;implication;context;assumption;affected;unaffected;interference;global_step,complete_declared_finite_domain,PASS,PASS,PASS,PASS,PASS,PASS,PASS,PASS,PASS,PASS,
quota,2,2,1,ReleaseQuota[1],manager,"[""p"", ""a""]","[""a""]","[""a[j]""]","[""total_allocation"", ""consumption_le_allocation_0"", ""consumption_le_allocation_1""]","[""total_allocation"", ""consumption_le_allocation_0"", ""consumption_le_allocation_1""]","[""total_allocation"", ""nonnegative_0"", ""nonnegative_1"", ""consumption_le_allocation_0"", ""consumption_le_allocation_1""]",finite_domain,action_declaration;init;implication;context;assumption;affected;unaffected;interference;global_step,complete_declared_finite_domain,PASS,PASS,PASS,PASS,PASS,PASS,PASS,PASS,PASS,PASS,
quota,3,2,1,ConsumeAllocated[0],agent,"[""p"", ""a""]","[""p""]","[""p[j]""]","[""nonnegative_0"", ""consumption_le_allocation_0"", ""nonnegative_1"", ""consumption_le_allocation_1"", ""nonnegative_2"", ""consumption_le_allocation_2""]","[""nonnegative_0"", ""consumption_le_allocation_0"", ""nonnegative_1"", ""consumption_le_allocation_1"", ""nonnegative_2"", ""consumption_le_allocation_2""]","[""total_allocation"", ""nonnegative_0"", ""nonnegative_1"", ""nonnegative_2"", ""consumption_le_allocation_0"", ""consumption_le_allocation_1"", ""consumption_le_allocation_2""]",finite_domain,action_declaration;init;implication;context;assumption;affected;unaffected;interference;global_step,complete_declared_finite_domain,PASS,PASS,PASS,PASS,PASS,PASS,PASS,PASS,PASS,PASS,
quota,3,2,1,ConsumeAllocated[1],agent,"[""p"", ""a""]","[""p""]","[""p[j]""]","[""nonnegative_0"", ""consumption_le_allocation_0"", ""nonnegative_1"", ""consumption_le_allocation_1"", ""nonnegative_2"", ""consumption_le_allocation_2""]","[""nonnegative_0"", ""consumption_le_allocation_0"", ""nonnegative_1"", ""consumption_le_allocation_1"", ""nonnegative_2"", ""consumption_le_allocation_2""]","[""total_allocation"", ""nonnegative_0"", ""nonnegative_1"", ""nonnegative_2"", ""consumption_le_allocation_0"", ""consumption_le_allocation_1"", ""consumption_le_allocation_2""]",finite_domain,action_declaration;init;implication;context;assumption;affected;unaffected;interference;global_step,complete_declared_finite_domain,PASS,PASS,PASS,PASS,PASS,PASS,PASS,PASS,PASS,PASS,
quota,3,2,1,ConsumeAllocated[2],agent,"[""p"", ""a""]","[""p""]","[""p[j]""]","[""nonnegative_0"", ""consumption_le_allocation_0"", ""nonnegative_1"", ""consumption_le_allocation_1"", ""nonnegative_2"", ""consumption_le_allocation_2""]","[""nonnegative_0"", ""consumption_le_allocation_0"", ""nonnegative_1"", ""consumption_le_allocation_1"", ""nonnegative_2"", ""consumption_le_allocation_2""]","[""total_allocation"", ""nonnegative_0"", ""nonnegative_1"", ""nonnegative_2"", ""consumption_le_allocation_0"", ""consumption_le_allocation_1"", ""consumption_le_allocation_2""]",finite_domain,action_declaration;init;implication;context;assumption;affected;unaffected;interference;global_step,complete_declared_finite_domain,PASS,PASS,PASS,PASS,PASS,PASS,PASS,PASS,PASS,PASS,
quota,3,2,1,Finish[0],agent,"[""p""]","[""p""]","[""p[j]""]","[""nonnegative_0"", ""consumption_le_allocation_0"", ""nonnegative_1"", ""consumption_le_allocation_1"", ""nonnegative_2"", ""consumption_le_allocation_2""]","[""nonnegative_0"", ""consumption_le_allocation_0"", ""nonnegative_1"", ""consumption_le_allocation_1"", ""nonnegative_2"", ""consumption_le_allocation_2""]","[""total_allocation"", ""nonnegative_0"", ""nonnegative_1"", ""nonnegative_2"", ""consumption_le_allocation_0"", ""consumption_le_allocation_1"", ""consumption_le_allocation_2""]",finite_domain,action_declaration;init;implication;context;assumption;affected;unaffected;interference;global_step,complete_declared_finite_domain,PASS,PASS,PASS,PASS,PASS,PASS,PASS,PASS,PASS,PASS,
quota,3,2,1,Finish[1],agent,"[""p""]","[""p""]","[""p[j]""]","[""nonnegative_0"", ""consumption_le_allocation_0"", ""nonnegative_1"", ""consumption_le_allocation_1"", ""nonnegative_2"", ""consumption_le_allocation_2""]","[""nonnegative_0"", ""consumption_le_allocation_0"", ""nonnegative_1"", ""consumption_le_allocation_1"", ""nonnegative_2"", ""consumption_le_allocation_2""]","[""total_allocation"", ""nonnegative_0"", ""nonnegative_1"", ""nonnegative_2"", ""consumption_le_allocation_0"", ""consumption_le_allocation_1"", ""consumption_le_allocation_2""]",finite_domain,action_declaration;init;implication;context;assumption;affected;unaffected;interference;global_step,complete_declared_finite_domain,PASS,PASS,PASS,PASS,PASS,PASS,PASS,PASS,PASS,PASS,
quota,3,2,1,Finish[2],agent,"[""p""]","[""p""]","[""p[j]""]","[""nonnegative_0"", ""consumption_le_allocation_0"", ""nonnegative_1"", ""consumption_le_allocation_1"", ""nonnegative_2"", ""consumption_le_allocation_2""]","[""nonnegative_0"", ""consumption_le_allocation_0"", ""nonnegative_1"", ""consumption_le_allocation_1"", ""nonnegative_2"", ""consumption_le_allocation_2""]","[""total_allocation"", ""nonnegative_0"", ""nonnegative_1"", ""nonnegative_2"", ""consumption_le_allocation_0"", ""consumption_le_allocation_1"", ""consumption_le_allocation_2""]",finite_domain,action_declaration;init;implication;context;assumption;affected;unaffected;interference;global_step,complete_declared_finite_domain,PASS,PASS,PASS,PASS,PASS,PASS,PASS,PASS,PASS,PASS,
quota,3,2,1,GrantQuota[0],manager,"[""a""]","[""a""]","[""a[j]""]","[""total_allocation"", ""consumption_le_allocation_0"", ""consumption_le_allocation_1"", ""consumption_le_allocation_2""]","[""total_allocation"", ""consumption_le_allocation_0"", ""consumption_le_allocation_1"", ""consumption_le_allocation_2""]","[""total_allocation"", ""nonnegative_0"", ""nonnegative_1"", ""nonnegative_2"", ""consumption_le_allocation_0"", ""consumption_le_allocation_1"", ""consumption_le_allocation_2""]",finite_domain,action_declaration;init;implication;context;assumption;affected;unaffected;interference;global_step,complete_declared_finite_domain,PASS,PASS,PASS,PASS,PASS,PASS,PASS,PASS,PASS,PASS,
quota,3,2,1,GrantQuota[1],manager,"[""a""]","[""a""]","[""a[j]""]","[""total_allocation"", ""consumption_le_allocation_0"", ""consumption_le_allocation_1"", ""consumption_le_allocation_2""]","[""total_allocation"", ""consumption_le_allocation_0"", ""consumption_le_allocation_1"", ""consumption_le_allocation_2""]","[""total_allocation"", ""nonnegative_0"", ""nonnegative_1"", ""nonnegative_2"", ""consumption_le_allocation_0"", ""consumption_le_allocation_1"", ""consumption_le_allocation_2""]",finite_domain,action_declaration;init;implication;context;assumption;affected;unaffected;interference;global_step,complete_declared_finite_domain,PASS,PASS,PASS,PASS,PASS,PASS,PASS,PASS,PASS,PASS,
quota,3,2,1,GrantQuota[2],manager,"[""a""]","[""a""]","[""a[j]""]","[""total_allocation"", ""consumption_le_allocation_0"", ""consumption_le_allocation_1"", ""consumption_le_allocation_2""]","[""total_allocation"", ""consumption_le_allocation_0"", ""consumption_le_allocation_1"", ""consumption_le_allocation_2""]","[""total_allocation"", ""nonnegative_0"", ""nonnegative_1"", ""nonnegative_2"", ""consumption_le_allocation_0"", ""consumption_le_allocation_1"", ""consumption_le_allocation_2""]",finite_domain,action_declaration;init;implication;context;assumption;affected;unaffected;interference;global_step,complete_declared_finite_domain,PASS,PASS,PASS,PASS,PASS,PASS,PASS,PASS,PASS,PASS,
quota,3,2,1,ReleaseQuota[0],manager,"[""p"", ""a""]","[""a""]","[""a[j]""]","[""total_allocation"", ""consumption_le_allocation_0"", ""consumption_le_allocation_1"", ""consumption_le_allocation_2""]","[""total_allocation"", ""consumption_le_allocation_0"", ""consumption_le_allocation_1"", ""consumption_le_allocation_2""]","[""total_allocation"", ""nonnegative_0"", ""nonnegative_1"", ""nonnegative_2"", ""consumption_le_allocation_0"", ""consumption_le_allocation_1"", ""consumption_le_allocation_2""]",finite_domain,action_declaration;init;implication;context;assumption;affected;unaffected;interference;global_step,complete_declared_finite_domain,PASS,PASS,PASS,PASS,PASS,PASS,PASS,PASS,PASS,PASS,
quota,3,2,1,ReleaseQuota[1],manager,"[""p"", ""a""]","[""a""]","[""a[j]""]","[""total_allocation"", ""consumption_le_allocation_0"", ""consumption_le_allocation_1"", ""consumption_le_allocation_2""]","[""total_allocation"", ""consumption_le_allocation_0"", ""consumption_le_allocation_1"", ""consumption_le_allocation_2""]","[""total_allocation"", ""nonnegative_0"", ""nonnegative_1"", ""nonnegative_2"", ""consumption_le_allocation_0"", ""consumption_le_allocation_1"", ""consumption_le_allocation_2""]",finite_domain,action_declaration;init;implication;context;assumption;affected;unaffected;interference;global_step,complete_declared_finite_domain,PASS,PASS,PASS,PASS,PASS,PASS,PASS,PASS,PASS,PASS,
quota,3,2,1,ReleaseQuota[2],manager,"[""p"", ""a""]","[""a""]","[""a[j]""]","[""total_allocation"", ""consumption_le_allocation_0"", ""consumption_le_allocation_1"", ""consumption_le_allocation_2""]","[""total_allocation"", ""consumption_le_allocation_0"", ""consumption_le_allocation_1"", ""consumption_le_allocation_2""]","[""total_allocation"", ""nonnegative_0"", ""nonnegative_1"", ""nonnegative_2"", ""consumption_le_allocation_0"", ""consumption_le_allocation_1"", ""consumption_le_allocation_2""]",finite_domain,action_declaration;init;implication;context;assumption;affected;unaffected;interference;global_step,complete_declared_finite_domain,PASS,PASS,PASS,PASS,PASS,PASS,PASS,PASS,PASS,PASS,
quota,4,2,1,ConsumeAllocated[0],agent,"[""p"", ""a""]","[""p""]","[""p[j]""]","[""nonnegative_0"", ""consumption_le_allocation_0"", ""nonnegative_1"", ""consumption_le_allocation_1"", ""nonnegative_2"", ""consumption_le_allocation_2"", ""nonnegative_3"", ""consumption_le_allocation_3""]","[""nonnegative_0"", ""consumption_le_allocation_0"", ""nonnegative_1"", ""consumption_le_allocation_1"", ""nonnegative_2"", ""consumption_le_allocation_2"", ""nonnegative_3"", ""consumption_le_allocation_3""]","[""total_allocation"", ""nonnegative_0"", ""nonnegative_1"", ""nonnegative_2"", ""nonnegative_3"", ""consumption_le_allocation_0"", ""consumption_le_allocation_1"", ""consumption_le_allocation_2"", ""consumption_le_allocation_3""]",finite_domain,action_declaration;init;implication;context;assumption;affected;unaffected;interference;global_step,complete_declared_finite_domain,PASS,PASS,PASS,PASS,PASS,PASS,PASS,PASS,PASS,PASS,
quota,4,2,1,ConsumeAllocated[1],agent,"[""p"", ""a""]","[""p""]","[""p[j]""]","[""nonnegative_0"", ""consumption_le_allocation_0"", ""nonnegative_1"", ""consumption_le_allocation_1"", ""nonnegative_2"", ""consumption_le_allocation_2"", ""nonnegative_3"", ""consumption_le_allocation_3""]","[""nonnegative_0"", ""consumption_le_allocation_0"", ""nonnegative_1"", ""consumption_le_allocation_1"", ""nonnegative_2"", ""consumption_le_allocation_2"", ""nonnegative_3"", ""consumption_le_allocation_3""]","[""total_allocation"", ""nonnegative_0"", ""nonnegative_1"", ""nonnegative_2"", ""nonnegative_3"", ""consumption_le_allocation_0"", ""consumption_le_allocation_1"", ""consumption_le_allocation_2"", ""consumption_le_allocation_3""]",finite_domain,action_declaration;init;implication;context;assumption;affected;unaffected;interference;global_step,complete_declared_finite_domain,PASS,PASS,PASS,PASS,PASS,PASS,PASS,PASS,PASS,PASS,
quota,4,2,1,ConsumeAllocated[2],agent,"[""p"", ""a""]","[""p""]","[""p[j]""]","[""nonnegative_0"", ""consumption_le_allocation_0"", ""nonnegative_1"", ""consumption_le_allocation_1"", ""nonnegative_2"", ""consumption_le_allocation_2"", ""nonnegative_3"", ""consumption_le_allocation_3""]","[""nonnegative_0"", ""consumption_le_allocation_0"", ""nonnegative_1"", ""consumption_le_allocation_1"", ""nonnegative_2"", ""consumption_le_allocation_2"", ""nonnegative_3"", ""consumption_le_allocation_3""]","[""total_allocation"", ""nonnegative_0"", ""nonnegative_1"", ""nonnegative_2"", ""nonnegative_3"", ""consumption_le_allocation_0"", ""consumption_le_allocation_1"", ""consumption_le_allocation_2"", ""consumption_le_allocation_3""]",finite_domain,action_declaration;init;implication;context;assumption;affected;unaffected;interference;global_step,complete_declared_finite_domain,PASS,PASS,PASS,PASS,PASS,PASS,PASS,PASS,PASS,PASS,
quota,4,2,1,ConsumeAllocated[3],agent,"[""p"", ""a""]","[""p""]","[""p[j]""]","[""nonnegative_0"", ""consumption_le_allocation_0"", ""nonnegative_1"", ""consumption_le_allocation_1"", ""nonnegative_2"", ""consumption_le_allocation_2"", ""nonnegative_3"", ""consumption_le_allocation_3""]","[""nonnegative_0"", ""consumption_le_allocation_0"", ""nonnegative_1"", ""consumption_le_allocation_1"", ""nonnegative_2"", ""consumption_le_allocation_2"", ""nonnegative_3"", ""consumption_le_allocation_3""]","[""total_allocation"", ""nonnegative_0"", ""nonnegative_1"", ""nonnegative_2"", ""nonnegative_3"", ""consumption_le_allocation_0"", ""consumption_le_allocation_1"", ""consumption_le_allocation_2"", ""consumption_le_allocation_3""]",finite_domain,action_declaration;init;implication;context;assumption;affected;unaffected;interference;global_step,complete_declared_finite_domain,PASS,PASS,PASS,PASS,PASS,PASS,PASS,PASS,PASS,PASS,
quota,4,2,1,Finish[0],agent,"[""p""]","[""p""]","[""p[j]""]","[""nonnegative_0"", ""consumption_le_allocation_0"", ""nonnegative_1"", ""consumption_le_allocation_1"", ""nonnegative_2"", ""consumption_le_allocation_2"", ""nonnegative_3"", ""consumption_le_allocation_3""]","[""nonnegative_0"", ""consumption_le_allocation_0"", ""nonnegative_1"", ""consumption_le_allocation_1"", ""nonnegative_2"", ""consumption_le_allocation_2"", ""nonnegative_3"", ""consumption_le_allocation_3""]","[""total_allocation"", ""nonnegative_0"", ""nonnegative_1"", ""nonnegative_2"", ""nonnegative_3"", ""consumption_le_allocation_0"", ""consumption_le_allocation_1"", ""consumption_le_allocation_2"", ""consumption_le_allocation_3""]",finite_domain,action_declaration;init;implication;context;assumption;affected;unaffected;interference;global_step,complete_declared_finite_domain,PASS,PASS,PASS,PASS,PASS,PASS,PASS,PASS,PASS,PASS,
quota,4,2,1,Finish[1],agent,"[""p""]","[""p""]","[""p[j]""]","[""nonnegative_0"", ""consumption_le_allocation_0"", ""nonnegative_1"", ""consumption_le_allocation_1"", ""nonnegative_2"", ""consumption_le_allocation_2"", ""nonnegative_3"", ""consumption_le_allocation_3""]","[""nonnegative_0"", ""consumption_le_allocation_0"", ""nonnegative_1"", ""consumption_le_allocation_1"", ""nonnegative_2"", ""consumption_le_allocation_2"", ""nonnegative_3"", ""consumption_le_allocation_3""]","[""total_allocation"", ""nonnegative_0"", ""nonnegative_1"", ""nonnegative_2"", ""nonnegative_3"", ""consumption_le_allocation_0"", ""consumption_le_allocation_1"", ""consumption_le_allocation_2"", ""consumption_le_allocation_3""]",finite_domain,action_declaration;init;implication;context;assumption;affected;unaffected;interference;global_step,complete_declared_finite_domain,PASS,PASS,PASS,PASS,PASS,PASS,PASS,PASS,PASS,PASS,
quota,4,2,1,Finish[2],agent,"[""p""]","[""p""]","[""p[j]""]","[""nonnegative_0"", ""consumption_le_allocation_0"", ""nonnegative_1"", ""consumption_le_allocation_1"", ""nonnegative_2"", ""consumption_le_allocation_2"", ""nonnegative_3"", ""consumption_le_allocation_3""]","[""nonnegative_0"", ""consumption_le_allocation_0"", ""nonnegative_1"", ""consumption_le_allocation_1"", ""nonnegative_2"", ""consumption_le_allocation_2"", ""nonnegative_3"", ""consumption_le_allocation_3""]","[""total_allocation"", ""nonnegative_0"", ""nonnegative_1"", ""nonnegative_2"", ""nonnegative_3"", ""consumption_le_allocation_0"", ""consumption_le_allocation_1"", ""consumption_le_allocation_2"", ""consumption_le_allocation_3""]",finite_domain,action_declaration;init;implication;context;assumption;affected;unaffected;interference;global_step,complete_declared_finite_domain,PASS,PASS,PASS,PASS,PASS,PASS,PASS,PASS,PASS,PASS,
quota,4,2,1,Finish[3],agent,"[""p""]","[""p""]","[""p[j]""]","[""nonnegative_0"", ""consumption_le_allocation_0"", ""nonnegative_1"", ""consumption_le_allocation_1"", ""nonnegative_2"", ""consumption_le_allocation_2"", ""nonnegative_3"", ""consumption_le_allocation_3""]","[""nonnegative_0"", ""consumption_le_allocation_0"", ""nonnegative_1"", ""consumption_le_allocation_1"", ""nonnegative_2"", ""consumption_le_allocation_2"", ""nonnegative_3"", ""consumption_le_allocation_3""]","[""total_allocation"", ""nonnegative_0"", ""nonnegative_1"", ""nonnegative_2"", ""nonnegative_3"", ""consumption_le_allocation_0"", ""consumption_le_allocation_1"", ""consumption_le_allocation_2"", ""consumption_le_allocation_3""]",finite_domain,action_declaration;init;implication;context;assumption;affected;unaffected;interference;global_step,complete_declared_finite_domain,PASS,PASS,PASS,PASS,PASS,PASS,PASS,PASS,PASS,PASS,
quota,4,2,1,GrantQuota[0],manager,"[""a""]","[""a""]","[""a[j]""]","[""total_allocation"", ""consumption_le_allocation_0"", ""consumption_le_allocation_1"", ""consumption_le_allocation_2"", ""consumption_le_allocation_3""]","[""total_allocation"", ""consumption_le_allocation_0"", ""consumption_le_allocation_1"", ""consumption_le_allocation_2"", ""consumption_le_allocation_3""]","[""total_allocation"", ""nonnegative_0"", ""nonnegative_1"", ""nonnegative_2"", ""nonnegative_3"", ""consumption_le_allocation_0"", ""consumption_le_allocation_1"", ""consumption_le_allocation_2"", ""consumption_le_allocation_3""]",finite_domain,action_declaration;init;implication;context;assumption;affected;unaffected;interference;global_step,complete_declared_finite_domain,PASS,PASS,PASS,PASS,PASS,PASS,PASS,PASS,PASS,PASS,
quota,4,2,1,GrantQuota[1],manager,"[""a""]","[""a""]","[""a[j]""]","[""total_allocation"", ""consumption_le_allocation_0"", ""consumption_le_allocation_1"", ""consumption_le_allocation_2"", ""consumption_le_allocation_3""]","[""total_allocation"", ""consumption_le_allocation_0"", ""consumption_le_allocation_1"", ""consumption_le_allocation_2"", ""consumption_le_allocation_3""]","[""total_allocation"", ""nonnegative_0"", ""nonnegative_1"", ""nonnegative_2"", ""nonnegative_3"", ""consumption_le_allocation_0"", ""consumption_le_allocation_1"", ""consumption_le_allocation_2"", ""consumption_le_allocation_3""]",finite_domain,action_declaration;init;implication;context;assumption;affected;unaffected;interference;global_step,complete_declared_finite_domain,PASS,PASS,PASS,PASS,PASS,PASS,PASS,PASS,PASS,PASS,
quota,4,2,1,GrantQuota[2],manager,"[""a""]","[""a""]","[""a[j]""]","[""total_allocation"", ""consumption_le_allocation_0"", ""consumption_le_allocation_1"", ""consumption_le_allocation_2"", ""consumption_le_allocation_3""]","[""total_allocation"", ""consumption_le_allocation_0"", ""consumption_le_allocation_1"", ""consumption_le_allocation_2"", ""consumption_le_allocation_3""]","[""total_allocation"", ""nonnegative_0"", ""nonnegative_1"", ""nonnegative_2"", ""nonnegative_3"", ""consumption_le_allocation_0"", ""consumption_le_allocation_1"", ""consumption_le_allocation_2"", ""consumption_le_allocation_3""]",finite_domain,action_declaration;init;implication;context;assumption;affected;unaffected;interference;global_step,complete_declared_finite_domain,PASS,PASS,PASS,PASS,PASS,PASS,PASS,PASS,PASS,PASS,
quota,4,2,1,GrantQuota[3],manager,"[""a""]","[""a""]","[""a[j]""]","[""total_allocation"", ""consumption_le_allocation_0"", ""consumption_le_allocation_1"", ""consumption_le_allocation_2"", ""consumption_le_allocation_3""]","[""total_allocation"", ""consumption_le_allocation_0"", ""consumption_le_allocation_1"", ""consumption_le_allocation_2"", ""consumption_le_allocation_3""]","[""total_allocation"", ""nonnegative_0"", ""nonnegative_1"", ""nonnegative_2"", ""nonnegative_3"", ""consumption_le_allocation_0"", ""consumption_le_allocation_1"", ""consumption_le_allocation_2"", ""consumption_le_allocation_3""]",finite_domain,action_declaration;init;implication;context;assumption;affected;unaffected;interference;global_step,complete_declared_finite_domain,PASS,PASS,PASS,PASS,PASS,PASS,PASS,PASS,PASS,PASS,
quota,4,2,1,ReleaseQuota[0],manager,"[""p"", ""a""]","[""a""]","[""a[j]""]","[""total_allocation"", ""consumption_le_allocation_0"", ""consumption_le_allocation_1"", ""consumption_le_allocation_2"", ""consumption_le_allocation_3""]","[""total_allocation"", ""consumption_le_allocation_0"", ""consumption_le_allocation_1"", ""consumption_le_allocation_2"", ""consumption_le_allocation_3""]","[""total_allocation"", ""nonnegative_0"", ""nonnegative_1"", ""nonnegative_2"", ""nonnegative_3"", ""consumption_le_allocation_0"", ""consumption_le_allocation_1"", ""consumption_le_allocation_2"", ""consumption_le_allocation_3""]",finite_domain,action_declaration;init;implication;context;assumption;affected;unaffected;interference;global_step,complete_declared_finite_domain,PASS,PASS,PASS,PASS,PASS,PASS,PASS,PASS,PASS,PASS,
quota,4,2,1,ReleaseQuota[1],manager,"[""p"", ""a""]","[""a""]","[""a[j]""]","[""total_allocation"", ""consumption_le_allocation_0"", ""consumption_le_allocation_1"", ""consumption_le_allocation_2"", ""consumption_le_allocation_3""]","[""total_allocation"", ""consumption_le_allocation_0"", ""consumption_le_allocation_1"", ""consumption_le_allocation_2"", ""consumption_le_allocation_3""]","[""total_allocation"", ""nonnegative_0"", ""nonnegative_1"", ""nonnegative_2"", ""nonnegative_3"", ""consumption_le_allocation_0"", ""consumption_le_allocation_1"", ""consumption_le_allocation_2"", ""consumption_le_allocation_3""]",finite_domain,action_declaration;init;implication;context;assumption;affected;unaffected;interference;global_step,complete_declared_finite_domain,PASS,PASS,PASS,PASS,PASS,PASS,PASS,PASS,PASS,PASS,
quota,4,2,1,ReleaseQuota[2],manager,"[""p"", ""a""]","[""a""]","[""a[j]""]","[""total_allocation"", ""consumption_le_allocation_0"", ""consumption_le_allocation_1"", ""consumption_le_allocation_2"", ""consumption_le_allocation_3""]","[""total_allocation"", ""consumption_le_allocation_0"", ""consumption_le_allocation_1"", ""consumption_le_allocation_2"", ""consumption_le_allocation_3""]","[""total_allocation"", ""nonnegative_0"", ""nonnegative_1"", ""nonnegative_2"", ""nonnegative_3"", ""consumption_le_allocation_0"", ""consumption_le_allocation_1"", ""consumption_le_allocation_2"", ""consumption_le_allocation_3""]",finite_domain,action_declaration;init;implication;context;assumption;affected;unaffected;interference;global_step,complete_declared_finite_domain,PASS,PASS,PASS,PASS,PASS,PASS,PASS,PASS,PASS,PASS,
quota,4,2,1,ReleaseQuota[3],manager,"[""p"", ""a""]","[""a""]","[""a[j]""]","[""total_allocation"", ""consumption_le_allocation_0"", ""consumption_le_allocation_1"", ""consumption_le_allocation_2"", ""consumption_le_allocation_3""]","[""total_allocation"", ""consumption_le_allocation_0"", ""consumption_le_allocation_1"", ""consumption_le_allocation_2"", ""consumption_le_allocation_3""]","[""total_allocation"", ""nonnegative_0"", ""nonnegative_1"", ""nonnegative_2"", ""nonnegative_3"", ""consumption_le_allocation_0"", ""consumption_le_allocation_1"", ""consumption_le_allocation_2"", ""consumption_le_allocation_3""]",finite_domain,action_declaration;init;implication;context;assumption;affected;unaffected;interference;global_step,complete_declared_finite_domain,PASS,PASS,PASS,PASS,PASS,PASS,PASS,PASS,PASS,PASS,
quota,5,2,1,ConsumeAllocated[0],agent,"[""p"", ""a""]","[""p""]","[""p[j]""]","[""nonnegative_0"", ""consumption_le_allocation_0"", ""nonnegative_1"", ""consumption_le_allocation_1"", ""nonnegative_2"", ""consumption_le_allocation_2"", ""nonnegative_3"", ""consumption_le_allocation_3"", ""nonnegative_4"", ""consumption_le_allocation_4""]","[""nonnegative_0"", ""consumption_le_allocation_0"", ""nonnegative_1"", ""consumption_le_allocation_1"", ""nonnegative_2"", ""consumption_le_allocation_2"", ""nonnegative_3"", ""consumption_le_allocation_3"", ""nonnegative_4"", ""consumption_le_allocation_4""]","[""total_allocation"", ""nonnegative_0"", ""nonnegative_1"", ""nonnegative_2"", ""nonnegative_3"", ""nonnegative_4"", ""consumption_le_allocation_0"", ""consumption_le_allocation_1"", ""consumption_le_allocation_2"", ""consumption_le_allocation_3"", ""consumption_le_allocation_4""]",finite_domain,action_declaration;init;implication;context;assumption;affected;unaffected;interference;global_step,complete_declared_finite_domain,PASS,PASS,PASS,PASS,PASS,PASS,PASS,PASS,PASS,PASS,
quota,5,2,1,ConsumeAllocated[1],agent,"[""p"", ""a""]","[""p""]","[""p[j]""]","[""nonnegative_0"", ""consumption_le_allocation_0"", ""nonnegative_1"", ""consumption_le_allocation_1"", ""nonnegative_2"", ""consumption_le_allocation_2"", ""nonnegative_3"", ""consumption_le_allocation_3"", ""nonnegative_4"", ""consumption_le_allocation_4""]","[""nonnegative_0"", ""consumption_le_allocation_0"", ""nonnegative_1"", ""consumption_le_allocation_1"", ""nonnegative_2"", ""consumption_le_allocation_2"", ""nonnegative_3"", ""consumption_le_allocation_3"", ""nonnegative_4"", ""consumption_le_allocation_4""]","[""total_allocation"", ""nonnegative_0"", ""nonnegative_1"", ""nonnegative_2"", ""nonnegative_3"", ""nonnegative_4"", ""consumption_le_allocation_0"", ""consumption_le_allocation_1"", ""consumption_le_allocation_2"", ""consumption_le_allocation_3"", ""consumption_le_allocation_4""]",finite_domain,action_declaration;init;implication;context;assumption;affected;unaffected;interference;global_step,complete_declared_finite_domain,PASS,PASS,PASS,PASS,PASS,PASS,PASS,PASS,PASS,PASS,
quota,5,2,1,ConsumeAllocated[2],agent,"[""p"", ""a""]","[""p""]","[""p[j]""]","[""nonnegative_0"", ""consumption_le_allocation_0"", ""nonnegative_1"", ""consumption_le_allocation_1"", ""nonnegative_2"", ""consumption_le_allocation_2"", ""nonnegative_3"", ""consumption_le_allocation_3"", ""nonnegative_4"", ""consumption_le_allocation_4""]","[""nonnegative_0"", ""consumption_le_allocation_0"", ""nonnegative_1"", ""consumption_le_allocation_1"", ""nonnegative_2"", ""consumption_le_allocation_2"", ""nonnegative_3"", ""consumption_le_allocation_3"", ""nonnegative_4"", ""consumption_le_allocation_4""]","[""total_allocation"", ""nonnegative_0"", ""nonnegative_1"", ""nonnegative_2"", ""nonnegative_3"", ""nonnegative_4"", ""consumption_le_allocation_0"", ""consumption_le_allocation_1"", ""consumption_le_allocation_2"", ""consumption_le_allocation_3"", ""consumption_le_allocation_4""]",finite_domain,action_declaration;init;implication;context;assumption;affected;unaffected;interference;global_step,complete_declared_finite_domain,PASS,PASS,PASS,PASS,PASS,PASS,PASS,PASS,PASS,PASS,
quota,5,2,1,ConsumeAllocated[3],agent,"[""p"", ""a""]","[""p""]","[""p[j]""]","[""nonnegative_0"", ""consumption_le_allocation_0"", ""nonnegative_1"", ""consumption_le_allocation_1"", ""nonnegative_2"", ""consumption_le_allocation_2"", ""nonnegative_3"", ""consumption_le_allocation_3"", ""nonnegative_4"", ""consumption_le_allocation_4""]","[""nonnegative_0"", ""consumption_le_allocation_0"", ""nonnegative_1"", ""consumption_le_allocation_1"", ""nonnegative_2"", ""consumption_le_allocation_2"", ""nonnegative_3"", ""consumption_le_allocation_3"", ""nonnegative_4"", ""consumption_le_allocation_4""]","[""total_allocation"", ""nonnegative_0"", ""nonnegative_1"", ""nonnegative_2"", ""nonnegative_3"", ""nonnegative_4"", ""consumption_le_allocation_0"", ""consumption_le_allocation_1"", ""consumption_le_allocation_2"", ""consumption_le_allocation_3"", ""consumption_le_allocation_4""]",finite_domain,action_declaration;init;implication;context;assumption;affected;unaffected;interference;global_step,complete_declared_finite_domain,PASS,PASS,PASS,PASS,PASS,PASS,PASS,PASS,PASS,PASS,
quota,5,2,1,ConsumeAllocated[4],agent,"[""p"", ""a""]","[""p""]","[""p[j]""]","[""nonnegative_0"", ""consumption_le_allocation_0"", ""nonnegative_1"", ""consumption_le_allocation_1"", ""nonnegative_2"", ""consumption_le_allocation_2"", ""nonnegative_3"", ""consumption_le_allocation_3"", ""nonnegative_4"", ""consumption_le_allocation_4""]","[""nonnegative_0"", ""consumption_le_allocation_0"", ""nonnegative_1"", ""consumption_le_allocation_1"", ""nonnegative_2"", ""consumption_le_allocation_2"", ""nonnegative_3"", ""consumption_le_allocation_3"", ""nonnegative_4"", ""consumption_le_allocation_4""]","[""total_allocation"", ""nonnegative_0"", ""nonnegative_1"", ""nonnegative_2"", ""nonnegative_3"", ""nonnegative_4"", ""consumption_le_allocation_0"", ""consumption_le_allocation_1"", ""consumption_le_allocation_2"", ""consumption_le_allocation_3"", ""consumption_le_allocation_4""]",finite_domain,action_declaration;init;implication;context;assumption;affected;unaffected;interference;global_step,complete_declared_finite_domain,PASS,PASS,PASS,PASS,PASS,PASS,PASS,PASS,PASS,PASS,
quota,5,2,1,Finish[0],agent,"[""p""]","[""p""]","[""p[j]""]","[""nonnegative_0"", ""consumption_le_allocation_0"", ""nonnegative_1"", ""consumption_le_allocation_1"", ""nonnegative_2"", ""consumption_le_allocation_2"", ""nonnegative_3"", ""consumption_le_allocation_3"", ""nonnegative_4"", ""consumption_le_allocation_4""]","[""nonnegative_0"", ""consumption_le_allocation_0"", ""nonnegative_1"", ""consumption_le_allocation_1"", ""nonnegative_2"", ""consumption_le_allocation_2"", ""nonnegative_3"", ""consumption_le_allocation_3"", ""nonnegative_4"", ""consumption_le_allocation_4""]","[""total_allocation"", ""nonnegative_0"", ""nonnegative_1"", ""nonnegative_2"", ""nonnegative_3"", ""nonnegative_4"", ""consumption_le_allocation_0"", ""consumption_le_allocation_1"", ""consumption_le_allocation_2"", ""consumption_le_allocation_3"", ""consumption_le_allocation_4""]",finite_domain,action_declaration;init;implication;context;assumption;affected;unaffected;interference;global_step,complete_declared_finite_domain,PASS,PASS,PASS,PASS,PASS,PASS,PASS,PASS,PASS,PASS,
quota,5,2,1,Finish[1],agent,"[""p""]","[""p""]","[""p[j]""]","[""nonnegative_0"", ""consumption_le_allocation_0"", ""nonnegative_1"", ""consumption_le_allocation_1"", ""nonnegative_2"", ""consumption_le_allocation_2"", ""nonnegative_3"", ""consumption_le_allocation_3"", ""nonnegative_4"", ""consumption_le_allocation_4""]","[""nonnegative_0"", ""consumption_le_allocation_0"", ""nonnegative_1"", ""consumption_le_allocation_1"", ""nonnegative_2"", ""consumption_le_allocation_2"", ""nonnegative_3"", ""consumption_le_allocation_3"", ""nonnegative_4"", ""consumption_le_allocation_4""]","[""total_allocation"", ""nonnegative_0"", ""nonnegative_1"", ""nonnegative_2"", ""nonnegative_3"", ""nonnegative_4"", ""consumption_le_allocation_0"", ""consumption_le_allocation_1"", ""consumption_le_allocation_2"", ""consumption_le_allocation_3"", ""consumption_le_allocation_4""]",finite_domain,action_declaration;init;implication;context;assumption;affected;unaffected;interference;global_step,complete_declared_finite_domain,PASS,PASS,PASS,PASS,PASS,PASS,PASS,PASS,PASS,PASS,
quota,5,2,1,Finish[2],agent,"[""p""]","[""p""]","[""p[j]""]","[""nonnegative_0"", ""consumption_le_allocation_0"", ""nonnegative_1"", ""consumption_le_allocation_1"", ""nonnegative_2"", ""consumption_le_allocation_2"", ""nonnegative_3"", ""consumption_le_allocation_3"", ""nonnegative_4"", ""consumption_le_allocation_4""]","[""nonnegative_0"", ""consumption_le_allocation_0"", ""nonnegative_1"", ""consumption_le_allocation_1"", ""nonnegative_2"", ""consumption_le_allocation_2"", ""nonnegative_3"", ""consumption_le_allocation_3"", ""nonnegative_4"", ""consumption_le_allocation_4""]","[""total_allocation"", ""nonnegative_0"", ""nonnegative_1"", ""nonnegative_2"", ""nonnegative_3"", ""nonnegative_4"", ""consumption_le_allocation_0"", ""consumption_le_allocation_1"", ""consumption_le_allocation_2"", ""consumption_le_allocation_3"", ""consumption_le_allocation_4""]",finite_domain,action_declaration;init;implication;context;assumption;affected;unaffected;interference;global_step,complete_declared_finite_domain,PASS,PASS,PASS,PASS,PASS,PASS,PASS,PASS,PASS,PASS,
quota,5,2,1,Finish[3],agent,"[""p""]","[""p""]","[""p[j]""]","[""nonnegative_0"", ""consumption_le_allocation_0"", ""nonnegative_1"", ""consumption_le_allocation_1"", ""nonnegative_2"", ""consumption_le_allocation_2"", ""nonnegative_3"", ""consumption_le_allocation_3"", ""nonnegative_4"", ""consumption_le_allocation_4""]","[""nonnegative_0"", ""consumption_le_allocation_0"", ""nonnegative_1"", ""consumption_le_allocation_1"", ""nonnegative_2"", ""consumption_le_allocation_2"", ""nonnegative_3"", ""consumption_le_allocation_3"", ""nonnegative_4"", ""consumption_le_allocation_4""]","[""total_allocation"", ""nonnegative_0"", ""nonnegative_1"", ""nonnegative_2"", ""nonnegative_3"", ""nonnegative_4"", ""consumption_le_allocation_0"", ""consumption_le_allocation_1"", ""consumption_le_allocation_2"", ""consumption_le_allocation_3"", ""consumption_le_allocation_4""]",finite_domain,action_declaration;init;implication;context;assumption;affected;unaffected;interference;global_step,complete_declared_finite_domain,PASS,PASS,PASS,PASS,PASS,PASS,PASS,PASS,PASS,PASS,
quota,5,2,1,Finish[4],agent,"[""p""]","[""p""]","[""p[j]""]","[""nonnegative_0"", ""consumption_le_allocation_0"", ""nonnegative_1"", ""consumption_le_allocation_1"", ""nonnegative_2"", ""consumption_le_allocation_2"", ""nonnegative_3"", ""consumption_le_allocation_3"", ""nonnegative_4"", ""consumption_le_allocation_4""]","[""nonnegative_0"", ""consumption_le_allocation_0"", ""nonnegative_1"", ""consumption_le_allocation_1"", ""nonnegative_2"", ""consumption_le_allocation_2"", ""nonnegative_3"", ""consumption_le_allocation_3"", ""nonnegative_4"", ""consumption_le_allocation_4""]","[""total_allocation"", ""nonnegative_0"", ""nonnegative_1"", ""nonnegative_2"", ""nonnegative_3"", ""nonnegative_4"", ""consumption_le_allocation_0"", ""consumption_le_allocation_1"", ""consumption_le_allocation_2"", ""consumption_le_allocation_3"", ""consumption_le_allocation_4""]",finite_domain,action_declaration;init;implication;context;assumption;affected;unaffected;interference;global_step,complete_declared_finite_domain,PASS,PASS,PASS,PASS,PASS,PASS,PASS,PASS,PASS,PASS,
quota,5,2,1,GrantQuota[0],manager,"[""a""]","[""a""]","[""a[j]""]","[""total_allocation"", ""consumption_le_allocation_0"", ""consumption_le_allocation_1"", ""consumption_le_allocation_2"", ""consumption_le_allocation_3"", ""consumption_le_allocation_4""]","[""total_allocation"", ""consumption_le_allocation_0"", ""consumption_le_allocation_1"", ""consumption_le_allocation_2"", ""consumption_le_allocation_3"", ""consumption_le_allocation_4""]","[""total_allocation"", ""nonnegative_0"", ""nonnegative_1"", ""nonnegative_2"", ""nonnegative_3"", ""nonnegative_4"", ""consumption_le_allocation_0"", ""consumption_le_allocation_1"", ""consumption_le_allocation_2"", ""consumption_le_allocation_3"", ""consumption_le_allocation_4""]",finite_domain,action_declaration;init;implication;context;assumption;affected;unaffected;interference;global_step,complete_declared_finite_domain,PASS,PASS,PASS,PASS,PASS,PASS,PASS,PASS,PASS,PASS,
quota,5,2,1,GrantQuota[1],manager,"[""a""]","[""a""]","[""a[j]""]","[""total_allocation"", ""consumption_le_allocation_0"", ""consumption_le_allocation_1"", ""consumption_le_allocation_2"", ""consumption_le_allocation_3"", ""consumption_le_allocation_4""]","[""total_allocation"", ""consumption_le_allocation_0"", ""consumption_le_allocation_1"", ""consumption_le_allocation_2"", ""consumption_le_allocation_3"", ""consumption_le_allocation_4""]","[""total_allocation"", ""nonnegative_0"", ""nonnegative_1"", ""nonnegative_2"", ""nonnegative_3"", ""nonnegative_4"", ""consumption_le_allocation_0"", ""consumption_le_allocation_1"", ""consumption_le_allocation_2"", ""consumption_le_allocation_3"", ""consumption_le_allocation_4""]",finite_domain,action_declaration;init;implication;context;assumption;affected;unaffected;interference;global_step,complete_declared_finite_domain,PASS,PASS,PASS,PASS,PASS,PASS,PASS,PASS,PASS,PASS,
quota,5,2,1,GrantQuota[2],manager,"[""a""]","[""a""]","[""a[j]""]","[""total_allocation"", ""consumption_le_allocation_0"", ""consumption_le_allocation_1"", ""consumption_le_allocation_2"", ""consumption_le_allocation_3"", ""consumption_le_allocation_4""]","[""total_allocation"", ""consumption_le_allocation_0"", ""consumption_le_allocation_1"", ""consumption_le_allocation_2"", ""consumption_le_allocation_3"", ""consumption_le_allocation_4""]","[""total_allocation"", ""nonnegative_0"", ""nonnegative_1"", ""nonnegative_2"", ""nonnegative_3"", ""nonnegative_4"", ""consumption_le_allocation_0"", ""consumption_le_allocation_1"", ""consumption_le_allocation_2"", ""consumption_le_allocation_3"", ""consumption_le_allocation_4""]",finite_domain,action_declaration;init;implication;context;assumption;affected;unaffected;interference;global_step,complete_declared_finite_domain,PASS,PASS,PASS,PASS,PASS,PASS,PASS,PASS,PASS,PASS,
quota,5,2,1,GrantQuota[3],manager,"[""a""]","[""a""]","[""a[j]""]","[""total_allocation"", ""consumption_le_allocation_0"", ""consumption_le_allocation_1"", ""consumption_le_allocation_2"", ""consumption_le_allocation_3"", ""consumption_le_allocation_4""]","[""total_allocation"", ""consumption_le_allocation_0"", ""consumption_le_allocation_1"", ""consumption_le_allocation_2"", ""consumption_le_allocation_3"", ""consumption_le_allocation_4""]","[""total_allocation"", ""nonnegative_0"", ""nonnegative_1"", ""nonnegative_2"", ""nonnegative_3"", ""nonnegative_4"", ""consumption_le_allocation_0"", ""consumption_le_allocation_1"", ""consumption_le_allocation_2"", ""consumption_le_allocation_3"", ""consumption_le_allocation_4""]",finite_domain,action_declaration;init;implication;context;assumption;affected;unaffected;interference;global_step,complete_declared_finite_domain,PASS,PASS,PASS,PASS,PASS,PASS,PASS,PASS,PASS,PASS,
quota,5,2,1,GrantQuota[4],manager,"[""a""]","[""a""]","[""a[j]""]","[""total_allocation"", ""consumption_le_allocation_0"", ""consumption_le_allocation_1"", ""consumption_le_allocation_2"", ""consumption_le_allocation_3"", ""consumption_le_allocation_4""]","[""total_allocation"", ""consumption_le_allocation_0"", ""consumption_le_allocation_1"", ""consumption_le_allocation_2"", ""consumption_le_allocation_3"", ""consumption_le_allocation_4""]","[""total_allocation"", ""nonnegative_0"", ""nonnegative_1"", ""nonnegative_2"", ""nonnegative_3"", ""nonnegative_4"", ""consumption_le_allocation_0"", ""consumption_le_allocation_1"", ""consumption_le_allocation_2"", ""consumption_le_allocation_3"", ""consumption_le_allocation_4""]",finite_domain,action_declaration;init;implication;context;assumption;affected;unaffected;interference;global_step,complete_declared_finite_domain,PASS,PASS,PASS,PASS,PASS,PASS,PASS,PASS,PASS,PASS,
quota,5,2,1,ReleaseQuota[0],manager,"[""p"", ""a""]","[""a""]","[""a[j]""]","[""total_allocation"", ""consumption_le_allocation_0"", ""consumption_le_allocation_1"", ""consumption_le_allocation_2"", ""consumption_le_allocation_3"", ""consumption_le_allocation_4""]","[""total_allocation"", ""consumption_le_allocation_0"", ""consumption_le_allocation_1"", ""consumption_le_allocation_2"", ""consumption_le_allocation_3"", ""consumption_le_allocation_4""]","[""total_allocation"", ""nonnegative_0"", ""nonnegative_1"", ""nonnegative_2"", ""nonnegative_3"", ""nonnegative_4"", ""consumption_le_allocation_0"", ""consumption_le_allocation_1"", ""consumption_le_allocation_2"", ""consumption_le_allocation_3"", ""consumption_le_allocation_4""]",finite_domain,action_declaration;init;implication;context;assumption;affected;unaffected;interference;global_step,complete_declared_finite_domain,PASS,PASS,PASS,PASS,PASS,PASS,PASS,PASS,PASS,PASS,
quota,5,2,1,ReleaseQuota[1],manager,"[""p"", ""a""]","[""a""]","[""a[j]""]","[""total_allocation"", ""consumption_le_allocation_0"", ""consumption_le_allocation_1"", ""consumption_le_allocation_2"", ""consumption_le_allocation_3"", ""consumption_le_allocation_4""]","[""total_allocation"", ""consumption_le_allocation_0"", ""consumption_le_allocation_1"", ""consumption_le_allocation_2"", ""consumption_le_allocation_3"", ""consumption_le_allocation_4""]","[""total_allocation"", ""nonnegative_0"", ""nonnegative_1"", ""nonnegative_2"", ""nonnegative_3"", ""nonnegative_4"", ""consumption_le_allocation_0"", ""consumption_le_allocation_1"", ""consumption_le_allocation_2"", ""consumption_le_allocation_3"", ""consumption_le_allocation_4""]",finite_domain,action_declaration;init;implication;context;assumption;affected;unaffected;interference;global_step,complete_declared_finite_domain,PASS,PASS,PASS,PASS,PASS,PASS,PASS,PASS,PASS,PASS,
quota,5,2,1,ReleaseQuota[2],manager,"[""p"", ""a""]","[""a""]","[""a[j]""]","[""total_allocation"", ""consumption_le_allocation_0"", ""consumption_le_allocation_1"", ""consumption_le_allocation_2"", ""consumption_le_allocation_3"", ""consumption_le_allocation_4""]","[""total_allocation"", ""consumption_le_allocation_0"", ""consumption_le_allocation_1"", ""consumption_le_allocation_2"", ""consumption_le_allocation_3"", ""consumption_le_allocation_4""]","[""total_allocation"", ""nonnegative_0"", ""nonnegative_1"", ""nonnegative_2"", ""nonnegative_3"", ""nonnegative_4"", ""consumption_le_allocation_0"", ""consumption_le_allocation_1"", ""consumption_le_allocation_2"", ""consumption_le_allocation_3"", ""consumption_le_allocation_4""]",finite_domain,action_declaration;init;implication;context;assumption;affected;unaffected;interference;global_step,complete_declared_finite_domain,PASS,PASS,PASS,PASS,PASS,PASS,PASS,PASS,PASS,PASS,
quota,5,2,1,ReleaseQuota[3],manager,"[""p"", ""a""]","[""a""]","[""a[j]""]","[""total_allocation"", ""consumption_le_allocation_0"", ""consumption_le_allocation_1"", ""consumption_le_allocation_2"", ""consumption_le_allocation_3"", ""consumption_le_allocation_4""]","[""total_allocation"", ""consumption_le_allocation_0"", ""consumption_le_allocation_1"", ""consumption_le_allocation_2"", ""consumption_le_allocation_3"", ""consumption_le_allocation_4""]","[""total_allocation"", ""nonnegative_0"", ""nonnegative_1"", ""nonnegative_2"", ""nonnegative_3"", ""nonnegative_4"", ""consumption_le_allocation_0"", ""consumption_le_allocation_1"", ""consumption_le_allocation_2"", ""consumption_le_allocation_3"", ""consumption_le_allocation_4""]",finite_domain,action_declaration;init;implication;context;assumption;affected;unaffected;interference;global_step,complete_declared_finite_domain,PASS,PASS,PASS,PASS,PASS,PASS,PASS,PASS,PASS,PASS,
quota,5,2,1,ReleaseQuota[4],manager,"[""p"", ""a""]","[""a""]","[""a[j]""]","[""total_allocation"", ""consumption_le_allocation_0"", ""consumption_le_allocation_1"", ""consumption_le_allocation_2"", ""consumption_le_allocation_3"", ""consumption_le_allocation_4""]","[""total_allocation"", ""consumption_le_allocation_0"", ""consumption_le_allocation_1"", ""consumption_le_allocation_2"", ""consumption_le_allocation_3"", ""consumption_le_allocation_4""]","[""total_allocation"", ""nonnegative_0"", ""nonnegative_1"", ""nonnegative_2"", ""nonnegative_3"", ""nonnegative_4"", ""consumption_le_allocation_0"", ""consumption_le_allocation_1"", ""consumption_le_allocation_2"", ""consumption_le_allocation_3"", ""consumption_le_allocation_4""]",finite_domain,action_declaration;init;implication;context;assumption;affected;unaffected;interference;global_step,complete_declared_finite_domain,PASS,PASS,PASS,PASS,PASS,PASS,PASS,PASS,PASS,PASS,
