config_id,model,parameters,variable_domain,initial_state,status,discovered_states,expanded_states,transitions,state_limit,touched_limit,elapsed_ms,counterexample_steps,trace_file,violation,replay_status,replay_error
A_bridge_n2_local,bridge,"{""n"":2,""capacity"":1,""protocol"":""local""}","{""q"":""0=away,1=wait,2=on"",""seen"":""0/1"",""owner"":""-1..1""}","[[0,0],[0,0],-1]",COUNTEREXAMPLE,9,9,16,2000000,False,0.052,4,traces/A_bridge_n2_local.json,TARGET_UNSAFE,PASS,
A_bridge_n2_check_then_enter,bridge,"{""n"":2,""capacity"":1,""protocol"":""check_then_enter""}","{""q"":""0=away,1=wait,2=on"",""seen"":""0/1"",""owner"":""-1..1""}","[[0,0],[0,0],-1]",COUNTEREXAMPLE,16,16,28,2000000,False,0.07,6,traces/A_bridge_n2_check_then_enter.json,TARGET_UNSAFE,PASS,
A_bridge_n2_token,bridge,"{""n"":2,""capacity"":1,""protocol"":""token""}","{""q"":""0=away,1=wait,2=on"",""seen"":""0/1"",""owner"":""-1..1""}","[[0,0],[0,0],-1]",SAFE_EXHAUSTIVE,16,16,34,2000000,False,0.062,,,,NOT_APPLICABLE,
A_bridge_n3_local,bridge,"{""n"":3,""capacity"":1,""protocol"":""local""}","{""q"":""0=away,1=wait,2=on"",""seen"":""0/1"",""owner"":""-1..2""}","[[0,0,0],[0,0,0],-1]",COUNTEREXAMPLE,23,18,51,2000000,False,0.074,4,traces/A_bridge_n3_local.json,TARGET_UNSAFE,PASS,
A_bridge_n3_check_then_enter,bridge,"{""n"":3,""capacity"":1,""protocol"":""check_then_enter""}","{""q"":""0=away,1=wait,2=on"",""seen"":""0/1"",""owner"":""-1..2""}","[[0,0,0],[0,0,0],-1]",COUNTEREXAMPLE,54,45,120,2000000,False,0.857,6,traces/A_bridge_n3_check_then_enter.json,TARGET_UNSAFE,PASS,
A_bridge_n3_token,bridge,"{""n"":3,""capacity"":1,""protocol"":""token""}","{""q"":""0=away,1=wait,2=on"",""seen"":""0/1"",""owner"":""-1..2""}","[[0,0,0],[0,0,0],-1]",SAFE_EXHAUSTIVE,44,44,120,2000000,False,0.177,,,,NOT_APPLICABLE,
A_bridge_n4_local,bridge,"{""n"":4,""capacity"":1,""protocol"":""local""}","{""q"":""0=away,1=wait,2=on"",""seen"":""0/1"",""owner"":""-1..3""}","[[0,0,0,0],[0,0,0,0],-1]",COUNTEREXAMPLE,50,32,124,2000000,False,0.16,4,traces/A_bridge_n4_local.json,TARGET_UNSAFE,PASS,
A_bridge_n4_check_then_enter,bridge,"{""n"":4,""capacity"":1,""protocol"":""check_then_enter""}","{""q"":""0=away,1=wait,2=on"",""seen"":""0/1"",""owner"":""-1..3""}","[[0,0,0,0],[0,0,0,0],-1]",COUNTEREXAMPLE,150,108,389,2000000,False,0.598,6,traces/A_bridge_n4_check_then_enter.json,TARGET_UNSAFE,PASS,
A_bridge_n4_token,bridge,"{""n"":4,""capacity"":1,""protocol"":""token""}","{""q"":""0=away,1=wait,2=on"",""seen"":""0/1"",""owner"":""-1..3""}","[[0,0,0,0],[0,0,0,0],-1]",SAFE_EXHAUSTIVE,112,112,368,2000000,False,0.502,,,,NOT_APPLICABLE,
A_bridge_n5_local,bridge,"{""n"":5,""capacity"":1,""protocol"":""local""}","{""q"":""0=away,1=wait,2=on"",""seen"":""0/1"",""owner"":""-1..4""}","[[0,0,0,0,0],[0,0,0,0,0],-1]",COUNTEREXAMPLE,96,52,255,2000000,False,0.318,4,traces/A_bridge_n5_local.json,TARGET_UNSAFE,PASS,
A_bridge_n5_check_then_enter,bridge,"{""n"":5,""capacity"":1,""protocol"":""check_then_enter""}","{""q"":""0=away,1=wait,2=on"",""seen"":""0/1"",""owner"":""-1..4""}","[[0,0,0,0,0],[0,0,0,0,0],-1]",COUNTEREXAMPLE,358,227,1038,2000000,False,2.378,6,traces/A_bridge_n5_check_then_enter.json,TARGET_UNSAFE,PASS,
A_bridge_n5_token,bridge,"{""n"":5,""capacity"":1,""protocol"":""token""}","{""q"":""0=away,1=wait,2=on"",""seen"":""0/1"",""owner"":""-1..4""}","[[0,0,0,0,0],[0,0,0,0,0],-1]",SAFE_EXHAUSTIVE,272,272,1040,2000000,False,1.405,,,,NOT_APPLICABLE,
A_bridge_n6_local,bridge,"{""n"":6,""capacity"":1,""protocol"":""local""}","{""q"":""0=away,1=wait,2=on"",""seen"":""0/1"",""owner"":""-1..5""}","[[0,0,0,0,0,0],[0,0,0,0,0,0],-1]",COUNTEREXAMPLE,168,79,468,2000000,False,0.581,4,traces/A_bridge_n6_local.json,TARGET_UNSAFE,PASS,
A_bridge_n6_check_then_enter,bridge,"{""n"":6,""capacity"":1,""protocol"":""check_then_enter""}","{""q"":""0=away,1=wait,2=on"",""seen"":""0/1"",""owner"":""-1..5""}","[[0,0,0,0,0,0],[0,0,0,0,0,0],-1]",COUNTEREXAMPLE,761,431,2400,2000000,False,3.757,6,traces/A_bridge_n6_check_then_enter.json,TARGET_UNSAFE,PASS,
A_bridge_n6_token,bridge,"{""n"":6,""capacity"":1,""protocol"":""token""}","{""q"":""0=away,1=wait,2=on"",""seen"":""0/1"",""owner"":""-1..5""}","[[0,0,0,0,0,0],[0,0,0,0,0,0],-1]",SAFE_EXHAUSTIVE,640,640,2784,2000000,False,3.842,,,,NOT_APPLICABLE,
A_bridge_n7_local,bridge,"{""n"":7,""capacity"":1,""protocol"":""local""}","{""q"":""0=away,1=wait,2=on"",""seen"":""0/1"",""owner"":""-1..6""}","[[0,0,0,0,0,0,0],[0,0,0,0,0,0,0],-1]",COUNTEREXAMPLE,274,114,791,2000000,False,1.008,4,traces/A_bridge_n7_local.json,TARGET_UNSAFE,PASS,
A_bridge_n7_check_then_enter,bridge,"{""n"":7,""capacity"":1,""protocol"":""check_then_enter""}","{""q"":""0=away,1=wait,2=on"",""seen"":""0/1"",""owner"":""-1..6""}","[[0,0,0,0,0,0,0],[0,0,0,0,0,0,0],-1]",COUNTEREXAMPLE,1479,757,4980,2000000,False,8.962,6,traces/A_bridge_n7_check_then_enter.json,TARGET_UNSAFE,PASS,
A_bridge_n7_token,bridge,"{""n"":7,""capacity"":1,""protocol"":""token""}","{""q"":""0=away,1=wait,2=on"",""seen"":""0/1"",""owner"":""-1..6""}","[[0,0,0,0,0,0,0],[0,0,0,0,0,0,0],-1]",SAFE_EXHAUSTIVE,1472,1472,7168,2000000,False,11.98,,,,NOT_APPLICABLE,
A_bridge_n8_local,bridge,"{""n"":8,""capacity"":1,""protocol"":""local""}","{""q"":""0=away,1=wait,2=on"",""seen"":""0/1"",""owner"":""-1..7""}","[[0,0,0,0,0,0,0,0],[0,0,0,0,0,0,0,0],-1]",COUNTEREXAMPLE,423,158,1256,2000000,False,1.7,4,traces/A_bridge_n8_local.json,TARGET_UNSAFE,PASS,
A_bridge_n8_check_then_enter,bridge,"{""n"":8,""capacity"":1,""protocol"":""check_then_enter""}","{""q"":""0=away,1=wait,2=on"",""seen"":""0/1"",""owner"":""-1..7""}","[[0,0,0,0,0,0,0,0],[0,0,0,0,0,0,0,0],-1]",COUNTEREXAMPLE,2678,1251,9503,2000000,False,17.708,6,traces/A_bridge_n8_check_then_enter.json,TARGET_UNSAFE,PASS,
A_bridge_n8_token,bridge,"{""n"":8,""capacity"":1,""protocol"":""token""}","{""q"":""0=away,1=wait,2=on"",""seen"":""0/1"",""owner"":""-1..7""}","[[0,0,0,0,0,0,0,0],[0,0,0,0,0,0,0,0],-1]",SAFE_EXHAUSTIVE,3328,3328,17920,2000000,False,28.189,,,,NOT_APPLICABLE,
A_bridge_n9_local,bridge,"{""n"":9,""capacity"":1,""protocol"":""local""}","{""q"":""0=away,1=wait,2=on"",""seen"":""0/1"",""owner"":""-1..8""}","[[0,0,0,0,0,0,0,0,0],[0,0,0,0,0,0,0,0,0],-1]",COUNTEREXAMPLE,625,212,1899,2000000,False,2.424,4,traces/A_bridge_n9_local.json,TARGET_UNSAFE,PASS,
A_bridge_n9_check_then_enter,bridge,"{""n"":9,""capacity"":1,""protocol"":""check_then_enter""}","{""q"":""0=away,1=wait,2=on"",""seen"":""0/1"",""owner"":""-1..8""}","[[0,0,0,0,0,0,0,0,0],[0,0,0,0,0,0,0,0,0],-1]",COUNTEREXAMPLE,4580,1969,16968,2000000,False,28.35,6,traces/A_bridge_n9_check_then_enter.json,TARGET_UNSAFE,PASS,
A_bridge_n9_token,bridge,"{""n"":9,""capacity"":1,""protocol"":""token""}","{""q"":""0=away,1=wait,2=on"",""seen"":""0/1"",""owner"":""-1..8""}","[[0,0,0,0,0,0,0,0,0],[0,0,0,0,0,0,0,0,0],-1]",SAFE_EXHAUSTIVE,7424,7424,43776,2000000,False,71.476,,,,NOT_APPLICABLE,
A_bridge_n10_local,bridge,"{""n"":10,""capacity"":1,""protocol"":""local""}","{""q"":""0=away,1=wait,2=on"",""seen"":""0/1"",""owner"":""-1..9""}","[[0,0,0,0,0,0,0,0,0,0],[0,0,0,0,0,0,0,0,0,0],-1]",COUNTEREXAMPLE,891,277,2760,2000000,False,4.028,4,traces/A_bridge_n10_local.json,TARGET_UNSAFE,PASS,
A_bridge_n10_check_then_enter,bridge,"{""n"":10,""capacity"":1,""protocol"":""check_then_enter""}","{""q"":""0=away,1=wait,2=on"",""seen"":""0/1"",""owner"":""-1..9""}","[[0,0,0,0,0,0,0,0,0,0],[0,0,0,0,0,0,0,0,0,0],-1]",COUNTEREXAMPLE,7474,2978,28708,2000000,False,49.481,6,traces/A_bridge_n10_check_then_enter.json,TARGET_UNSAFE,PASS,
A_bridge_n10_token,bridge,"{""n"":10,""capacity"":1,""protocol"":""token""}","{""q"":""0=away,1=wait,2=on"",""seen"":""0/1"",""owner"":""-1..9""}","[[0,0,0,0,0,0,0,0,0,0],[0,0,0,0,0,0,0,0,0,0],-1]",SAFE_EXHAUSTIVE,16384,16384,104960,2000000,False,171.415,,,,NOT_APPLICABLE,
A_quota_n2_B1_r1_local,quota,"{""n"":2,""B"":1,""r"":1,""protocol"":""local""}","{""p"":""0..1"",""a"":""0..1"",""seen"":""0/1""}","[[0,0],[0,0],[0,0]]",COUNTEREXAMPLE,8,5,10,2000000,False,0.033,2,traces/A_quota_n2_B1_r1_local.json,TARGET_UNSAFE,PASS,
A_quota_n2_B1_r1_pairwise,quota,"{""n"":2,""B"":1,""r"":1,""protocol"":""pairwise""}","{""p"":""0..1"",""a"":""0..1"",""seen"":""0/1""}","[[0,0],[0,0],[0,0]]",COUNTEREXAMPLE,11,10,20,2000000,False,0.058,3,traces/A_quota_n2_B1_r1_pairwise.json,TARGET_UNSAFE,PASS,
A_quota_n2_B1_r1_check_then_commit,quota,"{""n"":2,""B"":1,""r"":1,""protocol"":""check_then_commit""}","{""p"":""0..1"",""a"":""0..1"",""seen"":""0/1""}","[[0,0],[0,0],[0,0]]",COUNTEREXAMPLE,9,9,10,2000000,False,0.036,4,traces/A_quota_n2_B1_r1_check_then_commit.json,TARGET_UNSAFE,PASS,
A_quota_n2_B1_r1_quota,quota,"{""n"":2,""B"":1,""r"":1,""protocol"":""quota""}","{""p"":""0..1"",""a"":""0..1"",""seen"":""0/1""}","[[0,0],[0,0],[0,0]]",SAFE_EXHAUSTIVE,5,5,8,2000000,False,0.022,,,,NOT_APPLICABLE,
A_quota_n3_B1_r1_local,quota,"{""n"":3,""B"":1,""r"":1,""protocol"":""local""}","{""p"":""0..1"",""a"":""0..1"",""seen"":""0/1""}","[[0,0,0],[0,0,0],[0,0,0]]",COUNTEREXAMPLE,13,6,18,2000000,False,0.029,2,traces/A_quota_n3_B1_r1_local.json,TARGET_UNSAFE,PASS,
A_quota_n3_B1_r1_pairwise,quota,"{""n"":3,""B"":1,""r"":1,""protocol"":""pairwise""}","{""p"":""0..1"",""a"":""0..1"",""seen"":""0/1""}","[[0,0,0],[0,0,0],[0,0,0]]",COUNTEREXAMPLE,22,16,42,2000000,False,0.094,3,traces/A_quota_n3_B1_r1_pairwise.json,TARGET_UNSAFE,PASS,
A_quota_n3_B1_r1_check_then_commit,quota,"{""n"":3,""B"":1,""r"":1,""protocol"":""check_then_commit""}","{""p"":""0..1"",""a"":""0..1"",""seen"":""0/1""}","[[0,0,0],[0,0,0],[0,0,0]]",COUNTEREXAMPLE,23,18,30,2000000,False,0.064,4,traces/A_quota_n3_B1_r1_check_then_commit.json,TARGET_UNSAFE,PASS,
A_quota_n3_B1_r1_quota,quota,"{""n"":3,""B"":1,""r"":1,""protocol"":""quota""}","{""p"":""0..1"",""a"":""0..1"",""seen"":""0/1""}","[[0,0,0],[0,0,0],[0,0,0]]",SAFE_EXHAUSTIVE,7,7,12,2000000,False,0.029,,,,NOT_APPLICABLE,
A_quota_n4_B1_r1_local,quota,"{""n"":4,""B"":1,""r"":1,""protocol"":""local""}","{""p"":""0..1"",""a"":""0..1"",""seen"":""0/1""}","[[0,0,0,0],[0,0,0,0],[0,0,0,0]]",COUNTEREXAMPLE,19,7,28,2000000,False,0.041,2,traces/A_quota_n4_B1_r1_local.json,TARGET_UNSAFE,PASS,
A_quota_n4_B1_r1_pairwise,quota,"{""n"":4,""B"":1,""r"":1,""protocol"":""pairwise""}","{""p"":""0..1"",""a"":""0..1"",""seen"":""0/1""}","[[0,0,0,0],[0,0,0,0],[0,0,0,0]]",COUNTEREXAMPLE,37,24,72,2000000,False,0.167,3,traces/A_quota_n4_B1_r1_pairwise.json,TARGET_UNSAFE,PASS,
A_quota_n4_B1_r1_check_then_commit,quota,"{""n"":4,""B"":1,""r"":1,""protocol"":""check_then_commit""}","{""p"":""0..1"",""a"":""0..1"",""seen"":""0/1""}","[[0,0,0,0],[0,0,0,0],[0,0,0,0]]",COUNTEREXAMPLE,50,32,72,2000000,False,0.127,4,traces/A_quota_n4_B1_r1_check_then_commit.json,TARGET_UNSAFE,PASS,
A_quota_n4_B1_r1_quota,quota,"{""n"":4,""B"":1,""r"":1,""protocol"":""quota""}","{""p"":""0..1"",""a"":""0..1"",""seen"":""0/1""}","[[0,0,0,0],[0,0,0,0],[0,0,0,0]]",SAFE_EXHAUSTIVE,9,9,16,2000000,False,0.037,,,,NOT_APPLICABLE,
A_quota_n5_B1_r1_local,quota,"{""n"":5,""B"":1,""r"":1,""protocol"":""local""}","{""p"":""0..1"",""a"":""0..1"",""seen"":""0/1""}","[[0,0,0,0,0],[0,0,0,0,0],[0,0,0,0,0]]",COUNTEREXAMPLE,26,8,40,2000000,False,0.055,2,traces/A_quota_n5_B1_r1_local.json,TARGET_UNSAFE,PASS,
A_quota_n5_B1_r1_pairwise,quota,"{""n"":5,""B"":1,""r"":1,""protocol"":""pairwise""}","{""p"":""0..1"",""a"":""0..1"",""seen"":""0/1""}","[[0,0,0,0,0],[0,0,0,0,0],[0,0,0,0,0]]",COUNTEREXAMPLE,56,34,110,2000000,False,0.26,3,traces/A_quota_n5_B1_r1_pairwise.json,TARGET_UNSAFE,PASS,
A_quota_n5_B1_r1_check_then_commit,quota,"{""n"":5,""B"":1,""r"":1,""protocol"":""check_then_commit""}","{""p"":""0..1"",""a"":""0..1"",""seen"":""0/1""}","[[0,0,0,0,0],[0,0,0,0,0],[0,0,0,0,0]]",COUNTEREXAMPLE,96,52,150,2000000,False,0.285,4,traces/A_quota_n5_B1_r1_check_then_commit.json,TARGET_UNSAFE,PASS,
A_quota_n5_B1_r1_quota,quota,"{""n"":5,""B"":1,""r"":1,""protocol"":""quota""}","{""p"":""0..1"",""a"":""0..1"",""seen"":""0/1""}","[[0,0,0,0,0],[0,0,0,0,0],[0,0,0,0,0]]",SAFE_EXHAUSTIVE,11,11,20,2000000,False,0.046,,,,NOT_APPLICABLE,
A_quota_n6_B1_r1_local,quota,"{""n"":6,""B"":1,""r"":1,""protocol"":""local""}","{""p"":""0..1"",""a"":""0..1"",""seen"":""0/1""}","[[0,0,0,0,0,0],[0,0,0,0,0,0],[0,0,0,0,0,0]]",COUNTEREXAMPLE,34,9,54,2000000,False,0.071,2,traces/A_quota_n6_B1_r1_local.json,TARGET_UNSAFE,PASS,
A_quota_n6_B1_r1_pairwise,quota,"{""n"":6,""B"":1,""r"":1,""protocol"":""pairwise""}","{""p"":""0..1"",""a"":""0..1"",""seen"":""0/1""}","[[0,0,0,0,0,0],[0,0,0,0,0,0],[0,0,0,0,0,0]]",COUNTEREXAMPLE,79,46,156,2000000,False,0.401,3,traces/A_quota_n6_B1_r1_pairwise.json,TARGET_UNSAFE,PASS,
A_quota_n6_B1_r1_check_then_commit,quota,"{""n"":6,""B"":1,""r"":1,""protocol"":""check_then_commit""}","{""p"":""0..1"",""a"":""0..1"",""seen"":""0/1""}","[[0,0,0,0,0,0],[0,0,0,0,0,0],[0,0,0,0,0,0]]",COUNTEREXAMPLE,168,79,282,2000000,False,0.718,4,traces/A_quota_n6_B1_r1_check_then_commit.json,TARGET_UNSAFE,PASS,
A_quota_n6_B1_r1_quota,quota,"{""n"":6,""B"":1,""r"":1,""protocol"":""quota""}","{""p"":""0..1"",""a"":""0..1"",""seen"":""0/1""}","[[0,0,0,0,0,0],[0,0,0,0,0,0],[0,0,0,0,0,0]]",SAFE_EXHAUSTIVE,13,13,24,2000000,False,0.059,,,,NOT_APPLICABLE,
A_quota_n7_B1_r1_local,quota,"{""n"":7,""B"":1,""r"":1,""protocol"":""local""}","{""p"":""0..1"",""a"":""0..1"",""seen"":""0/1""}","[[0,0,0,0,0,0,0],[0,0,0,0,0,0,0],[0,0,0,0,0,0,0]]",COUNTEREXAMPLE,43,10,70,2000000,False,0.092,2,traces/A_quota_n7_B1_r1_local.json,TARGET_UNSAFE,PASS,
A_quota_n7_B1_r1_pairwise,quota,"{""n"":7,""B"":1,""r"":1,""protocol"":""pairwise""}","{""p"":""0..1"",""a"":""0..1"",""seen"":""0/1""}","[[0,0,0,0,0,0,0],[0,0,0,0,0,0,0],[0,0,0,0,0,0,0]]",COUNTEREXAMPLE,106,60,210,2000000,False,0.613,3,traces/A_quota_n7_B1_r1_pairwise.json,TARGET_UNSAFE,PASS,
A_quota_n7_B1_r1_check_then_commit,quota,"{""n"":7,""B"":1,""r"":1,""protocol"":""check_then_commit""}","{""p"":""0..1"",""a"":""0..1"",""seen"":""0/1""}","[[0,0,0,0,0,0,0],[0,0,0,0,0,0,0],[0,0,0,0,0,0,0]]",COUNTEREXAMPLE,274,114,490,2000000,False,0.793,4,traces/A_quota_n7_B1_r1_check_then_commit.json,TARGET_UNSAFE,PASS,
A_quota_n7_B1_r1_quota,quota,"{""n"":7,""B"":1,""r"":1,""protocol"":""quota""}","{""p"":""0..1"",""a"":""0..1"",""seen"":""0/1""}","[[0,0,0,0,0,0,0],[0,0,0,0,0,0,0],[0,0,0,0,0,0,0]]",SAFE_EXHAUSTIVE,15,15,28,2000000,False,0.067,,,,NOT_APPLICABLE,
A_quota_n8_B1_r1_local,quota,"{""n"":8,""B"":1,""r"":1,""protocol"":""local""}","{""p"":""0..1"",""a"":""0..1"",""seen"":""0/1""}","[[0,0,0,0,0,0,0,0],[0,0,0,0,0,0,0,0],[0,0,0,0,0,0,0,0]]",COUNTEREXAMPLE,53,11,88,2000000,False,0.113,2,traces/A_quota_n8_B1_r1_local.json,TARGET_UNSAFE,PASS,
A_quota_n8_B1_r1_pairwise,quota,"{""n"":8,""B"":1,""r"":1,""protocol"":""pairwise""}","{""p"":""0..1"",""a"":""0..1"",""seen"":""0/1""}","[[0,0,0,0,0,0,0,0],[0,0,0,0,0,0,0,0],[0,0,0,0,0,0,0,0]]",COUNTEREXAMPLE,137,76,272,2000000,False,0.831,3,traces/A_quota_n8_B1_r1_pairwise.json,TARGET_UNSAFE,PASS,
A_quota_n8_B1_r1_check_then_commit,quota,"{""n"":8,""B"":1,""r"":1,""protocol"":""check_then_commit""}","{""p"":""0..1"",""a"":""0..1"",""seen"":""0/1""}","[[0,0,0,0,0,0,0,0],[0,0,0,0,0,0,0,0],[0,0,0,0,0,0,0,0]]",COUNTEREXAMPLE,423,158,800,2000000,False,1.251,4,traces/A_quota_n8_B1_r1_check_then_commit.json,TARGET_UNSAFE,PASS,
A_quota_n8_B1_r1_quota,quota,"{""n"":8,""B"":1,""r"":1,""protocol"":""quota""}","{""p"":""0..1"",""a"":""0..1"",""seen"":""0/1""}","[[0,0,0,0,0,0,0,0],[0,0,0,0,0,0,0,0],[0,0,0,0,0,0,0,0]]",SAFE_EXHAUSTIVE,17,17,32,2000000,False,0.076,,,,NOT_APPLICABLE,
A_quota_n2_B1_r2_local,quota,"{""n"":2,""B"":1,""r"":2,""protocol"":""local""}","{""p"":""0..2"",""a"":""0..2"",""seen"":""0/1""}","[[0,0],[0,0],[0,0]]",COUNTEREXAMPLE,6,4,6,2000000,False,0.011,2,traces/A_quota_n2_B1_r2_local.json,TARGET_UNSAFE,PASS,
A_quota_n2_B1_r2_pairwise,quota,"{""n"":2,""B"":1,""r"":2,""protocol"":""pairwise""}","{""p"":""0..2"",""a"":""0..2"",""seen"":""0/1""}","[[0,0],[0,0],[0,0]]",COUNTEREXAMPLE,11,10,20,2000000,False,0.052,3,traces/A_quota_n2_B1_r2_pairwise.json,TARGET_UNSAFE,PASS,
A_quota_n2_B1_r2_check_then_commit,quota,"{""n"":2,""B"":1,""r"":2,""protocol"":""check_then_commit""}","{""p"":""0..2"",""a"":""0..2"",""seen"":""0/1""}","[[0,0],[0,0],[0,0]]",COUNTEREXAMPLE,9,9,10,2000000,False,0.031,4,traces/A_quota_n2_B1_r2_check_then_commit.json,TARGET_UNSAFE,PASS,
A_quota_n2_B1_r2_quota,quota,"{""n"":2,""B"":1,""r"":2,""protocol"":""quota""}","{""p"":""0..2"",""a"":""0..2"",""seen"":""0/1""}","[[0,0],[0,0],[0,0]]",SAFE_EXHAUSTIVE,5,5,8,2000000,False,0.024,,,,NOT_APPLICABLE,
A_quota_n3_B1_r2_local,quota,"{""n"":3,""B"":1,""r"":2,""protocol"":""local""}","{""p"":""0..2"",""a"":""0..2"",""seen"":""0/1""}","[[0,0,0],[0,0,0],[0,0,0]]",COUNTEREXAMPLE,10,5,12,2000000,False,0.02,2,traces/A_quota_n3_B1_r2_local.json,TARGET_UNSAFE,PASS,
A_quota_n3_B1_r2_pairwise,quota,"{""n"":3,""B"":1,""r"":2,""protocol"":""pairwise""}","{""p"":""0..2"",""a"":""0..2"",""seen"":""0/1""}","[[0,0,0],[0,0,0],[0,0,0]]",COUNTEREXAMPLE,22,16,42,2000000,False,0.101,3,traces/A_quota_n3_B1_r2_pairwise.json,TARGET_UNSAFE,PASS,
A_quota_n3_B1_r2_check_then_commit,quota,"{""n"":3,""B"":1,""r"":2,""protocol"":""check_then_commit""}","{""p"":""0..2"",""a"":""0..2"",""seen"":""0/1""}","[[0,0,0],[0,0,0],[0,0,0]]",COUNTEREXAMPLE,23,18,30,2000000,False,0.062,4,traces/A_quota_n3_B1_r2_check_then_commit.json,TARGET_UNSAFE,PASS,
A_quota_n3_B1_r2_quota,quota,"{""n"":3,""B"":1,""r"":2,""protocol"":""quota""}","{""p"":""0..2"",""a"":""0..2"",""seen"":""0/1""}","[[0,0,0],[0,0,0],[0,0,0]]",SAFE_EXHAUSTIVE,7,7,12,2000000,False,0.029,,,,NOT_APPLICABLE,
A_quota_n4_B1_r2_local,quota,"{""n"":4,""B"":1,""r"":2,""protocol"":""local""}","{""p"":""0..2"",""a"":""0..2"",""seen"":""0/1""}","[[0,0,0,0],[0,0,0,0],[0,0,0,0]]",COUNTEREXAMPLE,15,6,20,2000000,False,0.029,2,traces/A_quota_n4_B1_r2_local.json,TARGET_UNSAFE,PASS,
A_quota_n4_B1_r2_pairwise,quota,"{""n"":4,""B"":1,""r"":2,""protocol"":""pairwise""}","{""p"":""0..2"",""a"":""0..2"",""seen"":""0/1""}","[[0,0,0,0],[0,0,0,0],[0,0,0,0]]",COUNTEREXAMPLE,37,24,72,2000000,False,0.174,3,traces/A_quota_n4_B1_r2_pairwise.json,TARGET_UNSAFE,PASS,
A_quota_n4_B1_r2_check_then_commit,quota,"{""n"":4,""B"":1,""r"":2,""protocol"":""check_then_commit""}","{""p"":""0..2"",""a"":""0..2"",""seen"":""0/1""}","[[0,0,0,0],[0,0,0,0],[0,0,0,0]]",COUNTEREXAMPLE,50,32,72,2000000,False,0.128,4,traces/A_quota_n4_B1_r2_check_then_commit.json,TARGET_UNSAFE,PASS,
A_quota_n4_B1_r2_quota,quota,"{""n"":4,""B"":1,""r"":2,""protocol"":""quota""}","{""p"":""0..2"",""a"":""0..2"",""seen"":""0/1""}","[[0,0,0,0],[0,0,0,0],[0,0,0,0]]",SAFE_EXHAUSTIVE,9,9,16,2000000,False,0.036,,,,NOT_APPLICABLE,
A_quota_n5_B1_r2_local,quota,"{""n"":5,""B"":1,""r"":2,""protocol"":""local""}","{""p"":""0..2"",""a"":""0..2"",""seen"":""0/1""}","[[0,0,0,0,0],[0,0,0,0,0],[0,0,0,0,0]]",COUNTEREXAMPLE,21,7,30,2000000,False,0.039,2,traces/A_quota_n5_B1_r2_local.json,TARGET_UNSAFE,PASS,
A_quota_n5_B1_r2_pairwise,quota,"{""n"":5,""B"":1,""r"":2,""protocol"":""pairwise""}","{""p"":""0..2"",""a"":""0..2"",""seen"":""0/1""}","[[0,0,0,0,0],[0,0,0,0,0],[0,0,0,0,0]]",COUNTEREXAMPLE,56,34,110,2000000,False,0.272,3,traces/A_quota_n5_B1_r2_pairwise.json,TARGET_UNSAFE,PASS,
A_quota_n5_B1_r2_check_then_commit,quota,"{""n"":5,""B"":1,""r"":2,""protocol"":""check_then_commit""}","{""p"":""0..2"",""a"":""0..2"",""seen"":""0/1""}","[[0,0,0,0,0],[0,0,0,0,0],[0,0,0,0,0]]",COUNTEREXAMPLE,96,52,150,2000000,False,0.239,4,traces/A_quota_n5_B1_r2_check_then_commit.json,TARGET_UNSAFE,PASS,
A_quota_n5_B1_r2_quota,quota,"{""n"":5,""B"":1,""r"":2,""protocol"":""quota""}","{""p"":""0..2"",""a"":""0..2"",""seen"":""0/1""}","[[0,0,0,0,0],[0,0,0,0,0],[0,0,0,0,0]]",SAFE_EXHAUSTIVE,11,11,20,2000000,False,0.071,,,,NOT_APPLICABLE,
A_quota_n6_B1_r2_local,quota,"{""n"":6,""B"":1,""r"":2,""protocol"":""local""}","{""p"":""0..2"",""a"":""0..2"",""seen"":""0/1""}","[[0,0,0,0,0,0],[0,0,0,0,0,0],[0,0,0,0,0,0]]",COUNTEREXAMPLE,28,8,42,2000000,False,0.105,2,traces/A_quota_n6_B1_r2_local.json,TARGET_UNSAFE,PASS,
A_quota_n6_B1_r2_pairwise,quota,"{""n"":6,""B"":1,""r"":2,""protocol"":""pairwise""}","{""p"":""0..2"",""a"":""0..2"",""seen"":""0/1""}","[[0,0,0,0,0,0],[0,0,0,0,0,0],[0,0,0,0,0,0]]",COUNTEREXAMPLE,79,46,156,2000000,False,0.424,3,traces/A_quota_n6_B1_r2_pairwise.json,TARGET_UNSAFE,PASS,
A_quota_n6_B1_r2_check_then_commit,quota,"{""n"":6,""B"":1,""r"":2,""protocol"":""check_then_commit""}","{""p"":""0..2"",""a"":""0..2"",""seen"":""0/1""}","[[0,0,0,0,0,0],[0,0,0,0,0,0],[0,0,0,0,0,0]]",COUNTEREXAMPLE,168,79,282,2000000,False,0.424,4,traces/A_quota_n6_B1_r2_check_then_commit.json,TARGET_UNSAFE,PASS,
A_quota_n6_B1_r2_quota,quota,"{""n"":6,""B"":1,""r"":2,""protocol"":""quota""}","{""p"":""0..2"",""a"":""0..2"",""seen"":""0/1""}","[[0,0,0,0,0,0],[0,0,0,0,0,0],[0,0,0,0,0,0]]",SAFE_EXHAUSTIVE,13,13,24,2000000,False,0.052,,,,NOT_APPLICABLE,
A_quota_n7_B1_r2_local,quota,"{""n"":7,""B"":1,""r"":2,""protocol"":""local""}","{""p"":""0..2"",""a"":""0..2"",""seen"":""0/1""}","[[0,0,0,0,0,0,0],[0,0,0,0,0,0,0],[0,0,0,0,0,0,0]]",COUNTEREXAMPLE,36,9,56,2000000,False,0.071,2,traces/A_quota_n7_B1_r2_local.json,TARGET_UNSAFE,PASS,
A_quota_n7_B1_r2_pairwise,quota,"{""n"":7,""B"":1,""r"":2,""protocol"":""pairwise""}","{""p"":""0..2"",""a"":""0..2"",""seen"":""0/1""}","[[0,0,0,0,0,0,0],[0,0,0,0,0,0,0],[0,0,0,0,0,0,0]]",COUNTEREXAMPLE,106,60,210,2000000,False,0.621,3,traces/A_quota_n7_B1_r2_pairwise.json,TARGET_UNSAFE,PASS,
A_quota_n7_B1_r2_check_then_commit,quota,"{""n"":7,""B"":1,""r"":2,""protocol"":""check_then_commit""}","{""p"":""0..2"",""a"":""0..2"",""seen"":""0/1""}","[[0,0,0,0,0,0,0],[0,0,0,0,0,0,0],[0,0,0,0,0,0,0]]",COUNTEREXAMPLE,274,114,490,2000000,False,0.811,4,traces/A_quota_n7_B1_r2_check_then_commit.json,TARGET_UNSAFE,PASS,
A_quota_n7_B1_r2_quota,quota,"{""n"":7,""B"":1,""r"":2,""protocol"":""quota""}","{""p"":""0..2"",""a"":""0..2"",""seen"":""0/1""}","[[0,0,0,0,0,0,0],[0,0,0,0,0,0,0],[0,0,0,0,0,0,0]]",SAFE_EXHAUSTIVE,15,15,28,2000000,False,0.069,,,,NOT_APPLICABLE,
A_quota_n8_B1_r2_local,quota,"{""n"":8,""B"":1,""r"":2,""protocol"":""local""}","{""p"":""0..2"",""a"":""0..2"",""seen"":""0/1""}","[[0,0,0,0,0,0,0,0],[0,0,0,0,0,0,0,0],[0,0,0,0,0,0,0,0]]",COUNTEREXAMPLE,45,10,72,2000000,False,0.096,2,traces/A_quota_n8_B1_r2_local.json,TARGET_UNSAFE,PASS,
A_quota_n8_B1_r2_pairwise,quota,"{""n"":8,""B"":1,""r"":2,""protocol"":""pairwise""}","{""p"":""0..2"",""a"":""0..2"",""seen"":""0/1""}","[[0,0,0,0,0,0,0,0],[0,0,0,0,0,0,0,0],[0,0,0,0,0,0,0,0]]",COUNTEREXAMPLE,137,76,272,2000000,False,0.933,3,traces/A_quota_n8_B1_r2_pairwise.json,TARGET_UNSAFE,PASS,
A_quota_n8_B1_r2_check_then_commit,quota,"{""n"":8,""B"":1,""r"":2,""protocol"":""check_then_commit""}","{""p"":""0..2"",""a"":""0..2"",""seen"":""0/1""}","[[0,0,0,0,0,0,0,0],[0,0,0,0,0,0,0,0],[0,0,0,0,0,0,0,0]]",COUNTEREXAMPLE,423,158,800,2000000,False,1.182,4,traces/A_quota_n8_B1_r2_check_then_commit.json,TARGET_UNSAFE,PASS,
A_quota_n8_B1_r2_quota,quota,"{""n"":8,""B"":1,""r"":2,""protocol"":""quota""}","{""p"":""0..2"",""a"":""0..2"",""seen"":""0/1""}","[[0,0,0,0,0,0,0,0],[0,0,0,0,0,0,0,0],[0,0,0,0,0,0,0,0]]",SAFE_EXHAUSTIVE,17,17,32,2000000,False,0.075,,,,NOT_APPLICABLE,
A_quota_n2_B2_r1_local,quota,"{""n"":2,""B"":2,""r"":1,""protocol"":""local""}","{""p"":""0..1"",""a"":""0..1"",""seen"":""0/1""}","[[0,0],[0,0],[0,0]]",SAFE_EXHAUSTIVE,16,16,40,2000000,False,0.053,,,,NOT_APPLICABLE,
A_quota_n2_B2_r1_pairwise,quota,"{""n"":2,""B"":2,""r"":1,""protocol"":""pairwise""}","{""p"":""0..1"",""a"":""0..1"",""seen"":""0/1""}","[[0,0],[0,0],[0,0]]",SAFE_EXHAUSTIVE,16,16,40,2000000,False,0.058,,,,NOT_APPLICABLE,
A_quota_n2_B2_r1_check_then_commit,quota,"{""n"":2,""B"":2,""r"":1,""protocol"":""check_then_commit""}","{""p"":""0..1"",""a"":""0..1"",""seen"":""0/1""}","[[0,0],[0,0],[0,0]]",SAFE_EXHAUSTIVE,9,9,12,2000000,False,0.02,,,,NOT_APPLICABLE,
A_quota_n2_B2_r1_quota,quota,"{""n"":2,""B"":2,""r"":1,""protocol"":""quota""}","{""p"":""0..1"",""a"":""0..1"",""seen"":""0/1""}","[[0,0],[0,0],[0,0]]",SAFE_EXHAUSTIVE,9,9,24,2000000,False,0.042,,,,NOT_APPLICABLE,
A_quota_n3_B2_r1_local,quota,"{""n"":3,""B"":2,""r"":1,""protocol"":""local""}","{""p"":""0..1"",""a"":""0..1"",""seen"":""0/1""}","[[0,0,0],[0,0,0],[0,0,0]]",COUNTEREXAMPLE,27,15,54,2000000,False,0.081,3,traces/A_quota_n3_B2_r1_local.json,TARGET_UNSAFE,PASS,
A_quota_n3_B2_r1_pairwise,quota,"{""n"":3,""B"":2,""r"":1,""protocol"":""pairwise""}","{""p"":""0..1"",""a"":""0..1"",""seen"":""0/1""}","[[0,0,0],[0,0,0],[0,0,0]]",COUNTEREXAMPLE,27,15,54,2000000,False,0.097,3,traces/A_quota_n3_B2_r1_pairwise.json,TARGET_UNSAFE,PASS,
A_quota_n3_B2_r1_check_then_commit,quota,"{""n"":3,""B"":2,""r"":1,""protocol"":""check_then_commit""}","{""p"":""0..1"",""a"":""0..1"",""seen"":""0/1""}","[[0,0,0],[0,0,0],[0,0,0]]",COUNTEREXAMPLE,27,27,51,2000000,False,0.086,6,traces/A_quota_n3_B2_r1_check_then_commit.json,TARGET_UNSAFE,PASS,
A_quota_n3_B2_r1_quota,quota,"{""n"":3,""B"":2,""r"":1,""protocol"":""quota""}","{""p"":""0..1"",""a"":""0..1"",""seen"":""0/1""}","[[0,0,0],[0,0,0],[0,0,0]]",SAFE_EXHAUSTIVE,19,19,60,2000000,False,0.096,,,,NOT_APPLICABLE,
A_quota_n4_B2_r1_local,quota,"{""n"":4,""B"":2,""r"":1,""protocol"":""local""}","{""p"":""0..1"",""a"":""0..1"",""seen"":""0/1""}","[[0,0,0,0],[0,0,0,0],[0,0,0,0]]",COUNTEREXAMPLE,47,21,100,2000000,False,0.121,3,traces/A_quota_n4_B2_r1_local.json,TARGET_UNSAFE,PASS,
A_quota_n4_B2_r1_pairwise,quota,"{""n"":4,""B"":2,""r"":1,""protocol"":""pairwise""}","{""p"":""0..1"",""a"":""0..1"",""seen"":""0/1""}","[[0,0,0,0],[0,0,0,0],[0,0,0,0]]",COUNTEREXAMPLE,47,21,100,2000000,False,0.156,3,traces/A_quota_n4_B2_r1_pairwise.json,TARGET_UNSAFE,PASS,
A_quota_n4_B2_r1_check_then_commit,quota,"{""n"":4,""B"":2,""r"":1,""protocol"":""check_then_commit""}","{""p"":""0..1"",""a"":""0..1"",""seen"":""0/1""}","[[0,0,0,0],[0,0,0,0],[0,0,0,0]]",COUNTEREXAMPLE,76,67,172,2000000,False,0.253,6,traces/A_quota_n4_B2_r1_check_then_commit.json,TARGET_UNSAFE,PASS,
A_quota_n4_B2_r1_quota,quota,"{""n"":4,""B"":2,""r"":1,""protocol"":""quota""}","{""p"":""0..1"",""a"":""0..1"",""seen"":""0/1""}","[[0,0,0,0],[0,0,0,0],[0,0,0,0]]",SAFE_EXHAUSTIVE,33,33,112,2000000,False,0.157,,,,NOT_APPLICABLE,
A_quota_n5_B2_r1_local,quota,"{""n"":5,""B"":2,""r"":1,""protocol"":""local""}","{""p"":""0..1"",""a"":""0..1"",""seen"":""0/1""}","[[0,0,0,0,0],[0,0,0,0,0],[0,0,0,0,0]]",COUNTEREXAMPLE,74,28,165,2000000,False,0.195,3,traces/A_quota_n5_B2_r1_local.json,TARGET_UNSAFE,PASS,
A_quota_n5_B2_r1_pairwise,quota,"{""n"":5,""B"":2,""r"":1,""protocol"":""pairwise""}","{""p"":""0..1"",""a"":""0..1"",""seen"":""0/1""}","[[0,0,0,0,0],[0,0,0,0,0],[0,0,0,0,0]]",COUNTEREXAMPLE,74,28,165,2000000,False,0.257,3,traces/A_quota_n5_B2_r1_pairwise.json,TARGET_UNSAFE,PASS,
A_quota_n5_B2_r1_check_then_commit,quota,"{""n"":5,""B"":2,""r"":1,""protocol"":""check_then_commit""}","{""p"":""0..1"",""a"":""0..1"",""seen"":""0/1""}","[[0,0,0,0,0],[0,0,0,0,0],[0,0,0,0,0]]",COUNTEREXAMPLE,192,148,490,2000000,False,0.852,6,traces/A_quota_n5_B2_r1_check_then_commit.json,TARGET_UNSAFE,PASS,
A_quota_n5_B2_r1_quota,quota,"{""n"":5,""B"":2,""r"":1,""protocol"":""quota""}","{""p"":""0..1"",""a"":""0..1"",""seen"":""0/1""}","[[0,0,0,0,0],[0,0,0,0,0],[0,0,0,0,0]]",SAFE_EXHAUSTIVE,51,51,180,2000000,False,0.287,,,,NOT_APPLICABLE,
A_quota_n6_B2_r1_local,quota,"{""n"":6,""B"":2,""r"":1,""protocol"":""local""}","{""p"":""0..1"",""a"":""0..1"",""seen"":""0/1""}","[[0,0,0,0,0,0],[0,0,0,0,0,0],[0,0,0,0,0,0]]",COUNTEREXAMPLE,109,36,252,2000000,False,0.32,3,traces/A_quota_n6_B2_r1_local.json,TARGET_UNSAFE,PASS,
A_quota_n6_B2_r1_pairwise,quota,"{""n"":6,""B"":2,""r"":1,""protocol"":""pairwise""}","{""p"":""0..1"",""a"":""0..1"",""seen"":""0/1""}","[[0,0,0,0,0,0],[0,0,0,0,0,0],[0,0,0,0,0,0]]",COUNTEREXAMPLE,109,36,252,2000000,False,0.457,3,traces/A_quota_n6_B2_r1_pairwise.json,TARGET_UNSAFE,PASS,
A_quota_n6_B2_r1_check_then_commit,quota,"{""n"":6,""B"":2,""r"":1,""protocol"":""check_then_commit""}","{""p"":""0..1"",""a"":""0..1"",""seen"":""0/1""}","[[0,0,0,0,0,0],[0,0,0,0,0,0],[0,0,0,0,0,0]]",COUNTEREXAMPLE,435,295,1218,2000000,False,2.123,6,traces/A_quota_n6_B2_r1_check_then_commit.json,TARGET_UNSAFE,PASS,
A_quota_n6_B2_r1_quota,quota,"{""n"":6,""B"":2,""r"":1,""protocol"":""quota""}","{""p"":""0..1"",""a"":""0..1"",""seen"":""0/1""}","[[0,0,0,0,0,0],[0,0,0,0,0,0],[0,0,0,0,0,0]]",SAFE_EXHAUSTIVE,73,73,264,2000000,False,0.455,,,,NOT_APPLICABLE,
A_quota_n7_B2_r1_local,quota,"{""n"":7,""B"":2,""r"":1,""protocol"":""local""}","{""p"":""0..1"",""a"":""0..1"",""seen"":""0/1""}","[[0,0,0,0,0,0,0],[0,0,0,0,0,0,0],[0,0,0,0,0,0,0]]",COUNTEREXAMPLE,153,45,364,2000000,False,0.494,3,traces/A_quota_n7_B2_r1_local.json,TARGET_UNSAFE,PASS,
A_quota_n7_B2_r1_pairwise,quota,"{""n"":7,""B"":2,""r"":1,""protocol"":""pairwise""}","{""p"":""0..1"",""a"":""0..1"",""seen"":""0/1""}","[[0,0,0,0,0,0,0],[0,0,0,0,0,0,0],[0,0,0,0,0,0,0]]",COUNTEREXAMPLE,153,45,364,2000000,False,0.702,3,traces/A_quota_n7_B2_r1_pairwise.json,TARGET_UNSAFE,PASS,
A_quota_n7_B2_r1_check_then_commit,quota,"{""n"":7,""B"":2,""r"":1,""protocol"":""check_then_commit""}","{""p"":""0..1"",""a"":""0..1"",""seen"":""0/1""}","[[0,0,0,0,0,0,0],[0,0,0,0,0,0,0],[0,0,0,0,0,0,0]]",COUNTEREXAMPLE,897,541,2709,2000000,False,4.575,6,traces/A_quota_n7_B2_r1_check_then_commit.json,TARGET_UNSAFE,PASS,
A_quota_n7_B2_r1_quota,quota,"{""n"":7,""B"":2,""r"":1,""protocol"":""quota""}","{""p"":""0..1"",""a"":""0..1"",""seen"":""0/1""}","[[0,0,0,0,0,0,0],[0,0,0,0,0,0,0],[0,0,0,0,0,0,0]]",SAFE_EXHAUSTIVE,99,99,364,2000000,False,0.602,,,,NOT_APPLICABLE,
A_quota_n8_B2_r1_local,quota,"{""n"":8,""B"":2,""r"":1,""protocol"":""local""}","{""p"":""0..1"",""a"":""0..1"",""seen"":""0/1""}","[[0,0,0,0,0,0,0,0],[0,0,0,0,0,0,0,0],[0,0,0,0,0,0,0,0]]",COUNTEREXAMPLE,207,55,504,2000000,False,0.646,3,traces/A_quota_n8_B2_r1_local.json,TARGET_UNSAFE,PASS,
A_quota_n8_B2_r1_pairwise,quota,"{""n"":8,""B"":2,""r"":1,""protocol"":""pairwise""}","{""p"":""0..1"",""a"":""0..1"",""seen"":""0/1""}","[[0,0,0,0,0,0,0,0],[0,0,0,0,0,0,0,0],[0,0,0,0,0,0,0,0]]",COUNTEREXAMPLE,207,55,504,2000000,False,1.422,3,traces/A_quota_n8_B2_r1_pairwise.json,TARGET_UNSAFE,PASS,
A_quota_n8_B2_r1_check_then_commit,quota,"{""n"":8,""B"":2,""r"":1,""protocol"":""check_then_commit""}","{""p"":""0..1"",""a"":""0..1"",""seen"":""0/1""}","[[0,0,0,0,0,0,0,0],[0,0,0,0,0,0,0,0],[0,0,0,0,0,0,0,0]]",COUNTEREXAMPLE,1711,928,5504,2000000,False,9.216,6,traces/A_quota_n8_B2_r1_check_then_commit.json,TARGET_UNSAFE,PASS,
A_quota_n8_B2_r1_quota,quota,"{""n"":8,""B"":2,""r"":1,""protocol"":""quota""}","{""p"":""0..1"",""a"":""0..1"",""seen"":""0/1""}","[[0,0,0,0,0,0,0,0],[0,0,0,0,0,0,0,0],[0,0,0,0,0,0,0,0]]",SAFE_EXHAUSTIVE,129,129,480,2000000,False,0.936,,,,NOT_APPLICABLE,
A_quota_n2_B2_r2_local,quota,"{""n"":2,""B"":2,""r"":2,""protocol"":""local""}","{""p"":""0..2"",""a"":""0..2"",""seen"":""0/1""}","[[0,0],[0,0],[0,0]]",COUNTEREXAMPLE,13,8,17,2000000,False,0.033,3,traces/A_quota_n2_B2_r2_local.json,TARGET_UNSAFE,PASS,
A_quota_n2_B2_r2_pairwise,quota,"{""n"":2,""B"":2,""r"":2,""protocol"":""pairwise""}","{""p"":""0..2"",""a"":""0..2"",""seen"":""0/1""}","[[0,0],[0,0],[0,0]]",COUNTEREXAMPLE,32,18,51,2000000,False,0.122,4,traces/A_quota_n2_B2_r2_pairwise.json,TARGET_UNSAFE,PASS,
A_quota_n2_B2_r2_check_then_commit,quota,"{""n"":2,""B"":2,""r"":2,""protocol"":""check_then_commit""}","{""p"":""0..2"",""a"":""0..2"",""seen"":""0/1""}","[[0,0],[0,0],[0,0]]",COUNTEREXAMPLE,21,20,28,2000000,False,0.067,6,traces/A_quota_n2_B2_r2_check_then_commit.json,TARGET_UNSAFE,PASS,
A_quota_n2_B2_r2_quota,quota,"{""n"":2,""B"":2,""r"":2,""protocol"":""quota""}","{""p"":""0..2"",""a"":""0..2"",""seen"":""0/1""}","[[0,0],[0,0],[0,0]]",SAFE_EXHAUSTIVE,15,15,40,2000000,False,0.075,,,,NOT_APPLICABLE,
A_quota_n3_B2_r2_local,quota,"{""n"":3,""B"":2,""r"":2,""protocol"":""local""}","{""p"":""0..2"",""a"":""0..2"",""seen"":""0/1""}","[[0,0,0],[0,0,0],[0,0,0]]",COUNTEREXAMPLE,24,12,37,2000000,False,0.061,3,traces/A_quota_n3_B2_r2_local.json,TARGET_UNSAFE,PASS,
A_quota_n3_B2_r2_pairwise,quota,"{""n"":3,""B"":2,""r"":2,""protocol"":""pairwise""}","{""p"":""0..2"",""a"":""0..2"",""seen"":""0/1""}","[[0,0,0],[0,0,0],[0,0,0]]",COUNTEREXAMPLE,44,16,65,2000000,False,0.147,3,traces/A_quota_n3_B2_r2_pairwise.json,TARGET_UNSAFE,PASS,
A_quota_n3_B2_r2_check_then_commit,quota,"{""n"":3,""B"":2,""r"":2,""protocol"":""check_then_commit""}","{""p"":""0..2"",""a"":""0..2"",""seen"":""0/1""}","[[0,0,0],[0,0,0],[0,0,0]]",COUNTEREXAMPLE,69,54,111,2000000,False,0.393,6,traces/A_quota_n3_B2_r2_check_then_commit.json,TARGET_UNSAFE,PASS,
A_quota_n3_B2_r2_quota,quota,"{""n"":3,""B"":2,""r"":2,""protocol"":""quota""}","{""p"":""0..2"",""a"":""0..2"",""seen"":""0/1""}","[[0,0,0],[0,0,0],[0,0,0]]",SAFE_EXHAUSTIVE,28,28,84,2000000,False,0.153,,,,NOT_APPLICABLE,
A_quota_n4_B2_r2_local,quota,"{""n"":4,""B"":2,""r"":2,""protocol"":""local""}","{""p"":""0..2"",""a"":""0..2"",""seen"":""0/1""}","[[0,0,0,0],[0,0,0,0],[0,0,0,0]]",COUNTEREXAMPLE,40,17,69,2000000,False,0.101,3,traces/A_quota_n4_B2_r2_local.json,TARGET_UNSAFE,PASS,
A_quota_n4_B2_r2_pairwise,quota,"{""n"":4,""B"":2,""r"":2,""protocol"":""pairwise""}","{""p"":""0..2"",""a"":""0..2"",""seen"":""0/1""}","[[0,0,0,0],[0,0,0,0],[0,0,0,0]]",COUNTEREXAMPLE,73,22,114,2000000,False,0.236,3,traces/A_quota_n4_B2_r2_pairwise.json,TARGET_UNSAFE,PASS,
A_quota_n4_B2_r2_check_then_commit,quota,"{""n"":4,""B"":2,""r"":2,""protocol"":""check_then_commit""}","{""p"":""0..2"",""a"":""0..2"",""seen"":""0/1""}","[[0,0,0,0],[0,0,0,0],[0,0,0,0]]",COUNTEREXAMPLE,184,123,340,2000000,False,0.608,6,traces/A_quota_n4_B2_r2_check_then_commit.json,TARGET_UNSAFE,PASS,
A_quota_n4_B2_r2_quota,quota,"{""n"":4,""B"":2,""r"":2,""protocol"":""quota""}","{""p"":""0..2"",""a"":""0..2"",""seen"":""0/1""}","[[0,0,0,0],[0,0,0,0],[0,0,0,0]]",SAFE_EXHAUSTIVE,45,45,144,2000000,False,0.308,,,,NOT_APPLICABLE,
A_quota_n5_B2_r2_local,quota,"{""n"":5,""B"":2,""r"":2,""protocol"":""local""}","{""p"":""0..2"",""a"":""0..2"",""seen"":""0/1""}","[[0,0,0,0,0],[0,0,0,0,0],[0,0,0,0,0]]",COUNTEREXAMPLE,62,23,116,2000000,False,0.163,3,traces/A_quota_n5_B2_r2_local.json,TARGET_UNSAFE,PASS,
A_quota_n5_B2_r2_pairwise,quota,"{""n"":5,""B"":2,""r"":2,""protocol"":""pairwise""}","{""p"":""0..2"",""a"":""0..2"",""seen"":""0/1""}","[[0,0,0,0,0],[0,0,0,0,0],[0,0,0,0,0]]",COUNTEREXAMPLE,111,29,182,2000000,False,0.37,3,traces/A_quota_n5_B2_r2_pairwise.json,TARGET_UNSAFE,PASS,
A_quota_n5_B2_r2_check_then_commit,quota,"{""n"":5,""B"":2,""r"":2,""protocol"":""check_then_commit""}","{""p"":""0..2"",""a"":""0..2"",""seen"":""0/1""}","[[0,0,0,0,0],[0,0,0,0,0],[0,0,0,0,0]]",COUNTEREXAMPLE,422,248,880,2000000,False,1.647,6,traces/A_quota_n5_B2_r2_check_then_commit.json,TARGET_UNSAFE,PASS,
A_quota_n5_B2_r2_quota,quota,"{""n"":5,""B"":2,""r"":2,""protocol"":""quota""}","{""p"":""0..2"",""a"":""0..2"",""seen"":""0/1""}","[[0,0,0,0,0],[0,0,0,0,0],[0,0,0,0,0]]",SAFE_EXHAUSTIVE,66,66,220,2000000,False,0.387,,,,NOT_APPLICABLE,
A_quota_n6_B2_r2_local,quota,"{""n"":6,""B"":2,""r"":2,""protocol"":""local""}","{""p"":""0..2"",""a"":""0..2"",""seen"":""0/1""}","[[0,0,0,0,0,0],[0,0,0,0,0,0],[0,0,0,0,0,0]]",COUNTEREXAMPLE,91,30,181,2000000,False,0.25,3,traces/A_quota_n6_B2_r2_local.json,TARGET_UNSAFE,PASS,
A_quota_n6_B2_r2_pairwise,quota,"{""n"":6,""B"":2,""r"":2,""protocol"":""pairwise""}","{""p"":""0..2"",""a"":""0..2"",""seen"":""0/1""}","[[0,0,0,0,0,0],[0,0,0,0,0,0],[0,0,0,0,0,0]]",COUNTEREXAMPLE,159,37,272,2000000,False,0.552,3,traces/A_quota_n6_B2_r2_pairwise.json,TARGET_UNSAFE,PASS,
A_quota_n6_B2_r2_check_then_commit,quota,"{""n"":6,""B"":2,""r"":2,""protocol"":""check_then_commit""}","{""p"":""0..2"",""a"":""0..2"",""seen"":""0/1""}","[[0,0,0,0,0,0],[0,0,0,0,0,0],[0,0,0,0,0,0]]",COUNTEREXAMPLE,867,457,2010,2000000,False,3.364,6,traces/A_quota_n6_B2_r2_check_then_commit.json,TARGET_UNSAFE,PASS,
A_quota_n6_B2_r2_quota,quota,"{""n"":6,""B"":2,""r"":2,""protocol"":""quota""}","{""p"":""0..2"",""a"":""0..2"",""seen"":""0/1""}","[[0,0,0,0,0,0],[0,0,0,0,0,0],[0,0,0,0,0,0]]",SAFE_EXHAUSTIVE,91,91,312,2000000,False,0.525,,,,NOT_APPLICABLE,
A_quota_n7_B2_r2_local,quota,"{""n"":7,""B"":2,""r"":2,""protocol"":""local""}","{""p"":""0..2"",""a"":""0..2"",""seen"":""0/1""}","[[0,0,0,0,0,0,0],[0,0,0,0,0,0,0],[0,0,0,0,0,0,0]]",COUNTEREXAMPLE,128,38,267,2000000,False,0.343,3,traces/A_quota_n7_B2_r2_local.json,TARGET_UNSAFE,PASS,
A_quota_n7_B2_r2_pairwise,quota,"{""n"":7,""B"":2,""r"":2,""protocol"":""pairwise""}","{""p"":""0..2"",""a"":""0..2"",""seen"":""0/1""}","[[0,0,0,0,0,0,0],[0,0,0,0,0,0,0],[0,0,0,0,0,0,0]]",COUNTEREXAMPLE,218,46,387,2000000,False,1.098,3,traces/A_quota_n7_B2_r2_pairwise.json,TARGET_UNSAFE,PASS,
A_quota_n7_B2_r2_check_then_commit,quota,"{""n"":7,""B"":2,""r"":2,""protocol"":""check_then_commit""}","{""p"":""0..2"",""a"":""0..2"",""seen"":""0/1""}","[[0,0,0,0,0,0,0],[0,0,0,0,0,0,0],[0,0,0,0,0,0,0]]",COUNTEREXAMPLE,1639,786,4165,2000000,False,7.067,6,traces/A_quota_n7_B2_r2_check_then_commit.json,TARGET_UNSAFE,PASS,
A_quota_n7_B2_r2_quota,quota,"{""n"":7,""B"":2,""r"":2,""protocol"":""quota""}","{""p"":""0..2"",""a"":""0..2"",""seen"":""0/1""}","[[0,0,0,0,0,0,0],[0,0,0,0,0,0,0],[0,0,0,0,0,0,0]]",SAFE_EXHAUSTIVE,120,120,420,2000000,False,0.711,,,,NOT_APPLICABLE,
A_quota_n8_B2_r2_local,quota,"{""n"":8,""B"":2,""r"":2,""protocol"":""local""}","{""p"":""0..2"",""a"":""0..2"",""seen"":""0/1""}","[[0,0,0,0,0,0,0,0],[0,0,0,0,0,0,0,0],[0,0,0,0,0,0,0,0]]",COUNTEREXAMPLE,174,47,377,2000000,False,0.475,3,traces/A_quota_n8_B2_r2_local.json,TARGET_UNSAFE,PASS,
A_quota_n8_B2_r2_pairwise,quota,"{""n"":8,""B"":2,""r"":2,""protocol"":""pairwise""}","{""p"":""0..2"",""a"":""0..2"",""seen"":""0/1""}","[[0,0,0,0,0,0,0,0],[0,0,0,0,0,0,0,0],[0,0,0,0,0,0,0,0]]",COUNTEREXAMPLE,289,56,530,2000000,False,1.106,3,traces/A_quota_n8_B2_r2_pairwise.json,TARGET_UNSAFE,PASS,
A_quota_n8_B2_r2_check_then_commit,quota,"{""n"":8,""B"":2,""r"":2,""protocol"":""check_then_commit""}","{""p"":""0..2"",""a"":""0..2"",""seen"":""0/1""}","[[0,0,0,0,0,0,0,0],[0,0,0,0,0,0,0,0],[0,0,0,0,0,0,0,0]]",COUNTEREXAMPLE,2903,1280,7984,2000000,False,16.73,6,traces/A_quota_n8_B2_r2_check_then_commit.json,TARGET_UNSAFE,PASS,
A_quota_n8_B2_r2_quota,quota,"{""n"":8,""B"":2,""r"":2,""protocol"":""quota""}","{""p"":""0..2"",""a"":""0..2"",""seen"":""0/1""}","[[0,0,0,0,0,0,0,0],[0,0,0,0,0,0,0,0],[0,0,0,0,0,0,0,0]]",SAFE_EXHAUSTIVE,153,153,544,2000000,False,0.943,,,,NOT_APPLICABLE,
A_quota_n2_B3_r1_local,quota,"{""n"":2,""B"":3,""r"":1,""protocol"":""local""}","{""p"":""0..1"",""a"":""0..1"",""seen"":""0/1""}","[[0,0],[0,0],[0,0]]",SAFE_EXHAUSTIVE,16,16,40,2000000,False,0.055,,,,NOT_APPLICABLE,
A_quota_n2_B3_r1_pairwise,quota,"{""n"":2,""B"":3,""r"":1,""protocol"":""pairwise""}","{""p"":""0..1"",""a"":""0..1"",""seen"":""0/1""}","[[0,0],[0,0],[0,0]]",SAFE_EXHAUSTIVE,16,16,40,2000000,False,0.06,,,,NOT_APPLICABLE,
A_quota_n2_B3_r1_check_then_commit,quota,"{""n"":2,""B"":3,""r"":1,""protocol"":""check_then_commit""}","{""p"":""0..1"",""a"":""0..1"",""seen"":""0/1""}","[[0,0],[0,0],[0,0]]",SAFE_EXHAUSTIVE,9,9,12,2000000,False,0.021,,,,NOT_APPLICABLE,
A_quota_n2_B3_r1_quota,quota,"{""n"":2,""B"":3,""r"":1,""protocol"":""quota""}","{""p"":""0..1"",""a"":""0..1"",""seen"":""0/1""}","[[0,0],[0,0],[0,0]]",SAFE_EXHAUSTIVE,9,9,24,2000000,False,0.032,,,,NOT_APPLICABLE,
A_quota_n3_B3_r1_local,quota,"{""n"":3,""B"":3,""r"":1,""protocol"":""local""}","{""p"":""0..1"",""a"":""0..1"",""seen"":""0/1""}","[[0,0,0],[0,0,0],[0,0,0]]",SAFE_EXHAUSTIVE,64,64,240,2000000,False,0.35,,,,NOT_APPLICABLE,
A_quota_n3_B3_r1_pairwise,quota,"{""n"":3,""B"":3,""r"":1,""protocol"":""pairwise""}","{""p"":""0..1"",""a"":""0..1"",""seen"":""0/1""}","[[0,0,0],[0,0,0],[0,0,0]]",SAFE_EXHAUSTIVE,64,64,240,2000000,False,0.542,,,,NOT_APPLICABLE,
A_quota_n3_B3_r1_check_then_commit,quota,"{""n"":3,""B"":3,""r"":1,""protocol"":""check_then_commit""}","{""p"":""0..1"",""a"":""0..1"",""seen"":""0/1""}","[[0,0,0],[0,0,0],[0,0,0]]",SAFE_EXHAUSTIVE,27,27,54,2000000,False,0.199,,,,NOT_APPLICABLE,
A_quota_n3_B3_r1_quota,quota,"{""n"":3,""B"":3,""r"":1,""protocol"":""quota""}","{""p"":""0..1"",""a"":""0..1"",""seen"":""0/1""}","[[0,0,0],[0,0,0],[0,0,0]]",SAFE_EXHAUSTIVE,27,27,108,2000000,False,0.239,,,,NOT_APPLICABLE,
A_quota_n4_B3_r1_local,quota,"{""n"":4,""B"":3,""r"":1,""protocol"":""local""}","{""p"":""0..1"",""a"":""0..1"",""seen"":""0/1""}","[[0,0,0,0],[0,0,0,0],[0,0,0,0]]",COUNTEREXAMPLE,89,49,248,2000000,False,0.749,4,traces/A_quota_n4_B3_r1_local.json,TARGET_UNSAFE,PASS,
A_quota_n4_B3_r1_pairwise,quota,"{""n"":4,""B"":3,""r"":1,""protocol"":""pairwise""}","{""p"":""0..1"",""a"":""0..1"",""seen"":""0/1""}","[[0,0,0,0],[0,0,0,0],[0,0,0,0]]",COUNTEREXAMPLE,89,49,248,2000000,False,0.389,4,traces/A_quota_n4_B3_r1_pairwise.json,TARGET_UNSAFE,PASS,
A_quota_n4_B3_r1_check_then_commit,quota,"{""n"":4,""B"":3,""r"":1,""protocol"":""check_then_commit""}","{""p"":""0..1"",""a"":""0..1"",""seen"":""0/1""}","[[0,0,0,0],[0,0,0,0],[0,0,0,0]]",COUNTEREXAMPLE,81,81,212,2000000,False,0.562,8,traces/A_quota_n4_B3_r1_check_then_commit.json,TARGET_UNSAFE,PASS,
A_quota_n4_B3_r1_quota,quota,"{""n"":4,""B"":3,""r"":1,""protocol"":""quota""}","{""p"":""0..1"",""a"":""0..1"",""seen"":""0/1""}","[[0,0,0,0],[0,0,0,0],[0,0,0,0]]",SAFE_EXHAUSTIVE,65,65,304,2000000,False,0.387,,,,NOT_APPLICABLE,
A_quota_n5_B3_r1_local,quota,"{""n"":5,""B"":3,""r"":1,""protocol"":""local""}","{""p"":""0..1"",""a"":""0..1"",""seen"":""0/1""}","[[0,0,0,0,0],[0,0,0,0,0],[0,0,0,0,0]]",COUNTEREXAMPLE,163,76,475,2000000,False,0.57,4,traces/A_quota_n5_B3_r1_local.json,TARGET_UNSAFE,PASS,
A_quota_n5_B3_r1_pairwise,quota,"{""n"":5,""B"":3,""r"":1,""protocol"":""pairwise""}","{""p"":""0..1"",""a"":""0..1"",""seen"":""0/1""}","[[0,0,0,0,0],[0,0,0,0,0],[0,0,0,0,0]]",COUNTEREXAMPLE,163,76,475,2000000,False,0.765,4,traces/A_quota_n5_B3_r1_pairwise.json,TARGET_UNSAFE,PASS,
A_quota_n5_B3_r1_check_then_commit,quota,"{""n"":5,""B"":3,""r"":1,""protocol"":""check_then_commit""}","{""p"":""0..1"",""a"":""0..1"",""seen"":""0/1""}","[[0,0,0,0,0],[0,0,0,0,0],[0,0,0,0,0]]",COUNTEREXAMPLE,237,223,740,2000000,False,1.062,8,traces/A_quota_n5_B3_r1_check_then_commit.json,TARGET_UNSAFE,PASS,
A_quota_n5_B3_r1_quota,quota,"{""n"":5,""B"":3,""r"":1,""protocol"":""quota""}","{""p"":""0..1"",""a"":""0..1"",""seen"":""0/1""}","[[0,0,0,0,0],[0,0,0,0,0],[0,0,0,0,0]]",SAFE_EXHAUSTIVE,131,131,660,2000000,False,0.826,,,,NOT_APPLICABLE,
A_quota_n6_B3_r1_local,quota,"{""n"":6,""B"":3,""r"":1,""protocol"":""local""}","{""p"":""0..1"",""a"":""0..1"",""seen"":""0/1""}","[[0,0,0,0,0,0],[0,0,0,0,0,0],[0,0,0,0,0,0]]",COUNTEREXAMPLE,272,111,822,2000000,False,0.98,4,traces/A_quota_n6_B3_r1_local.json,TARGET_UNSAFE,PASS,
A_quota_n6_B3_r1_pairwise,quota,"{""n"":6,""B"":3,""r"":1,""protocol"":""pairwise""}","{""p"":""0..1"",""a"":""0..1"",""seen"":""0/1""}","[[0,0,0,0,0,0],[0,0,0,0,0,0],[0,0,0,0,0,0]]",COUNTEREXAMPLE,272,111,822,2000000,False,1.236,4,traces/A_quota_n6_B3_r1_pairwise.json,TARGET_UNSAFE,PASS,
A_quota_n6_B3_r1_check_then_commit,quota,"{""n"":6,""B"":3,""r"":1,""protocol"":""check_then_commit""}","{""p"":""0..1"",""a"":""0..1"",""seen"":""0/1""}","[[0,0,0,0,0,0],[0,0,0,0,0,0],[0,0,0,0,0,0]]",COUNTEREXAMPLE,651,562,2304,2000000,False,3.611,8,traces/A_quota_n6_B3_r1_check_then_commit.json,TARGET_UNSAFE,PASS,
A_quota_n6_B3_r1_quota,quota,"{""n"":6,""B"":3,""r"":1,""protocol"":""quota""}","{""p"":""0..1"",""a"":""0..1"",""seen"":""0/1""}","[[0,0,0,0,0,0],[0,0,0,0,0,0],[0,0,0,0,0,0]]",SAFE_EXHAUSTIVE,233,233,1224,2000000,False,1.867,,,,NOT_APPLICABLE,
A_quota_n7_B3_r1_local,quota,"{""n"":7,""B"":3,""r"":1,""protocol"":""local""}","{""p"":""0..1"",""a"":""0..1"",""seen"":""0/1""}","[[0,0,0,0,0,0,0],[0,0,0,0,0,0,0],[0,0,0,0,0,0,0]]",COUNTEREXAMPLE,425,155,1323,2000000,False,1.864,4,traces/A_quota_n7_B3_r1_local.json,TARGET_UNSAFE,PASS,
A_quota_n7_B3_r1_pairwise,quota,"{""n"":7,""B"":3,""r"":1,""protocol"":""pairwise""}","{""p"":""0..1"",""a"":""0..1"",""seen"":""0/1""}","[[0,0,0,0,0,0,0],[0,0,0,0,0,0,0],[0,0,0,0,0,0,0]]",COUNTEREXAMPLE,425,155,1323,2000000,False,2.748,4,traces/A_quota_n7_B3_r1_pairwise.json,TARGET_UNSAFE,PASS,
A_quota_n7_B3_r1_check_then_commit,quota,"{""n"":7,""B"":3,""r"":1,""protocol"":""check_then_commit""}","{""p"":""0..1"",""a"":""0..1"",""seen"":""0/1""}","[[0,0,0,0,0,0,0],[0,0,0,0,0,0,0],[0,0,0,0,0,0,0]]",COUNTEREXAMPLE,1647,1291,6412,2000000,False,11.619,8,traces/A_quota_n7_B3_r1_check_then_commit.json,TARGET_UNSAFE,PASS,
A_quota_n7_B3_r1_quota,quota,"{""n"":7,""B"":3,""r"":1,""protocol"":""quota""}","{""p"":""0..1"",""a"":""0..1"",""seen"":""0/1""}","[[0,0,0,0,0,0,0],[0,0,0,0,0,0,0],[0,0,0,0,0,0,0]]",SAFE_EXHAUSTIVE,379,379,2044,2000000,False,2.933,,,,NOT_APPLICABLE,
A_quota_n8_B3_r1_local,quota,"{""n"":8,""B"":3,""r"":1,""protocol"":""local""}","{""p"":""0..1"",""a"":""0..1"",""seen"":""0/1""}","[[0,0,0,0,0,0,0,0],[0,0,0,0,0,0,0,0],[0,0,0,0,0,0,0,0]]",COUNTEREXAMPLE,632,209,2016,2000000,False,2.639,4,traces/A_quota_n8_B3_r1_local.json,TARGET_UNSAFE,PASS,
A_quota_n8_B3_r1_pairwise,quota,"{""n"":8,""B"":3,""r"":1,""protocol"":""pairwise""}","{""p"":""0..1"",""a"":""0..1"",""seen"":""0/1""}","[[0,0,0,0,0,0,0,0],[0,0,0,0,0,0,0,0],[0,0,0,0,0,0,0,0]]",COUNTEREXAMPLE,632,209,2016,2000000,False,3.819,4,traces/A_quota_n8_B3_r1_pairwise.json,TARGET_UNSAFE,PASS,
A_quota_n8_B3_r1_check_then_commit,quota,"{""n"":8,""B"":3,""r"":1,""protocol"":""check_then_commit""}","{""p"":""0..1"",""a"":""0..1"",""seen"":""0/1""}","[[0,0,0,0,0,0,0,0],[0,0,0,0,0,0,0,0],[0,0,0,0,0,0,0,0]]",COUNTEREXAMPLE,3834,2728,16096,2000000,False,27.733,8,traces/A_quota_n8_B3_r1_check_then_commit.json,TARGET_UNSAFE,PASS,
A_quota_n8_B3_r1_quota,quota,"{""n"":8,""B"":3,""r"":1,""protocol"":""quota""}","{""p"":""0..1"",""a"":""0..1"",""seen"":""0/1""}","[[0,0,0,0,0,0,0,0],[0,0,0,0,0,0,0,0],[0,0,0,0,0,0,0,0]]",SAFE_EXHAUSTIVE,577,577,3168,2000000,False,5.056,,,,NOT_APPLICABLE,
A_quota_n2_B3_r2_local,quota,"{""n"":2,""B"":3,""r"":2,""protocol"":""local""}","{""p"":""0..2"",""a"":""0..2"",""seen"":""0/1""}","[[0,0],[0,0],[0,0]]",COUNTEREXAMPLE,21,14,33,2000000,False,0.053,4,traces/A_quota_n2_B3_r2_local.json,TARGET_UNSAFE,PASS,
A_quota_n2_B3_r2_pairwise,quota,"{""n"":2,""B"":3,""r"":2,""protocol"":""pairwise""}","{""p"":""0..2"",""a"":""0..2"",""seen"":""0/1""}","[[0,0],[0,0],[0,0]]",COUNTEREXAMPLE,51,37,105,2000000,False,0.285,6,traces/A_quota_n2_B3_r2_pairwise.json,TARGET_UNSAFE,PASS,
A_quota_n2_B3_r2_check_then_commit,quota,"{""n"":2,""B"":3,""r"":2,""protocol"":""check_then_commit""}","{""p"":""0..2"",""a"":""0..2"",""seen"":""0/1""}","[[0,0],[0,0],[0,0]]",COUNTEREXAMPLE,25,25,38,2000000,False,0.088,8,traces/A_quota_n2_B3_r2_check_then_commit.json,TARGET_UNSAFE,PASS,
A_quota_n2_B3_r2_quota,quota,"{""n"":2,""B"":3,""r"":2,""protocol"":""quota""}","{""p"":""0..2"",""a"":""0..2"",""seen"":""0/1""}","[[0,0],[0,0],[0,0]]",SAFE_EXHAUSTIVE,27,27,96,2000000,False,0.135,,,,NOT_APPLICABLE,
A_quota_n3_B3_r2_local,quota,"{""n"":3,""B"":3,""r"":2,""protocol"":""local""}","{""p"":""0..2"",""a"":""0..2"",""seen"":""0/1""}","[[0,0,0],[0,0,0],[0,0,0]]",COUNTEREXAMPLE,46,25,86,2000000,False,0.114,4,traces/A_quota_n3_B3_r2_local.json,TARGET_UNSAFE,PASS,
A_quota_n3_B3_r2_pairwise,quota,"{""n"":3,""B"":3,""r"":2,""protocol"":""pairwise""}","{""p"":""0..2"",""a"":""0..2"",""seen"":""0/1""}","[[0,0,0],[0,0,0],[0,0,0]]",COUNTEREXAMPLE,53,26,99,2000000,False,0.174,4,traces/A_quota_n3_B3_r2_pairwise.json,TARGET_UNSAFE,PASS,
A_quota_n3_B3_r2_check_then_commit,quota,"{""n"":3,""B"":3,""r"":2,""protocol"":""check_then_commit""}","{""p"":""0..2"",""a"":""0..2"",""seen"":""0/1""}","[[0,0,0],[0,0,0],[0,0,0]]",COUNTEREXAMPLE,105,91,207,2000000,False,0.317,8,traces/A_quota_n3_B3_r2_check_then_commit.json,TARGET_UNSAFE,PASS,
A_quota_n3_B3_r2_quota,quota,"{""n"":3,""B"":3,""r"":2,""protocol"":""quota""}","{""p"":""0..2"",""a"":""0..2"",""seen"":""0/1""}","[[0,0,0],[0,0,0],[0,0,0]]",SAFE_EXHAUSTIVE,72,72,300,2000000,False,0.376,,,,NOT_APPLICABLE,
A_quota_n4_B3_r2_local,quota,"{""n"":4,""B"":3,""r"":2,""protocol"":""local""}","{""p"":""0..2"",""a"":""0..2"",""seen"":""0/1""}","[[0,0,0,0],[0,0,0,0],[0,0,0,0]]",COUNTEREXAMPLE,87,41,183,2000000,False,0.219,4,traces/A_quota_n4_B3_r2_local.json,TARGET_UNSAFE,PASS,
A_quota_n4_B3_r2_pairwise,quota,"{""n"":4,""B"":3,""r"":2,""protocol"":""pairwise""}","{""p"":""0..2"",""a"":""0..2"",""seen"":""0/1""}","[[0,0,0,0],[0,0,0,0],[0,0,0,0]]",COUNTEREXAMPLE,98,42,204,2000000,False,0.333,4,traces/A_quota_n4_B3_r2_pairwise.json,TARGET_UNSAFE,PASS,
A_quota_n4_B3_r2_check_then_commit,quota,"{""n"":4,""B"":3,""r"":2,""protocol"":""check_then_commit""}","{""p"":""0..2"",""a"":""0..2"",""seen"":""0/1""}","[[0,0,0,0],[0,0,0,0],[0,0,0,0]]",COUNTEREXAMPLE,355,271,828,2000000,False,1.303,8,traces/A_quota_n4_B3_r2_check_then_commit.json,TARGET_UNSAFE,PASS,
A_quota_n4_B3_r2_quota,quota,"{""n"":4,""B"":3,""r"":2,""protocol"":""quota""}","{""p"":""0..2"",""a"":""0..2"",""seen"":""0/1""}","[[0,0,0,0],[0,0,0,0],[0,0,0,0]]",SAFE_EXHAUSTIVE,149,149,672,2000000,False,0.976,,,,NOT_APPLICABLE,
A_quota_n5_B3_r2_local,quota,"{""n"":5,""B"":3,""r"":2,""protocol"":""local""}","{""p"":""0..2"",""a"":""0..2"",""seen"":""0/1""}","[[0,0,0,0,0],[0,0,0,0,0],[0,0,0,0,0]]",COUNTEREXAMPLE,150,63,344,2000000,False,0.451,4,traces/A_quota_n5_B3_r2_local.json,TARGET_UNSAFE,PASS,
A_quota_n5_B3_r2_pairwise,quota,"{""n"":5,""B"":3,""r"":2,""protocol"":""pairwise""}","{""p"":""0..2"",""a"":""0..2"",""seen"":""0/1""}","[[0,0,0,0,0],[0,0,0,0,0],[0,0,0,0,0]]",COUNTEREXAMPLE,166,64,375,2000000,False,0.695,4,traces/A_quota_n5_B3_r2_pairwise.json,TARGET_UNSAFE,PASS,
A_quota_n5_B3_r2_check_then_commit,quota,"{""n"":5,""B"":3,""r"":2,""protocol"":""check_then_commit""}","{""p"":""0..2"",""a"":""0..2"",""seen"":""0/1""}","[[0,0,0,0,0],[0,0,0,0,0],[0,0,0,0,0]]",COUNTEREXAMPLE,1007,688,2690,2000000,False,5.426,8,traces/A_quota_n5_B3_r2_check_then_commit.json,TARGET_UNSAFE,PASS,
A_quota_n5_B3_r2_quota,quota,"{""n"":5,""B"":3,""r"":2,""protocol"":""quota""}","{""p"":""0..2"",""a"":""0..2"",""seen"":""0/1""}","[[0,0,0,0,0],[0,0,0,0,0],[0,0,0,0,0]]",SAFE_EXHAUSTIVE,266,266,1260,2000000,False,1.75,,,,NOT_APPLICABLE,
A_quota_n6_B3_r2_local,quota,"{""n"":6,""B"":3,""r"":2,""protocol"":""local""}","{""p"":""0..2"",""a"":""0..2"",""seen"":""0/1""}","[[0,0,0,0,0,0],[0,0,0,0,0,0],[0,0,0,0,0,0]]",COUNTEREXAMPLE,242,92,593,2000000,False,0.746,4,traces/A_quota_n6_B3_r2_local.json,TARGET_UNSAFE,PASS,
A_quota_n6_B3_r2_pairwise,quota,"{""n"":6,""B"":3,""r"":2,""protocol"":""pairwise""}","{""p"":""0..2"",""a"":""0..2"",""seen"":""0/1""}","[[0,0,0,0,0,0],[0,0,0,0,0,0],[0,0,0,0,0,0]]",COUNTEREXAMPLE,264,93,636,2000000,False,1.157,4,traces/A_quota_n6_B3_r2_pairwise.json,TARGET_UNSAFE,PASS,
A_quota_n6_B3_r2_check_then_commit,quota,"{""n"":6,""B"":3,""r"":2,""protocol"":""check_then_commit""}","{""p"":""0..2"",""a"":""0..2"",""seen"":""0/1""}","[[0,0,0,0,0,0],[0,0,0,0,0,0],[0,0,0,0,0,0]]",COUNTEREXAMPLE,2499,1549,7482,2000000,False,13.137,8,traces/A_quota_n6_B3_r2_check_then_commit.json,TARGET_UNSAFE,PASS,
A_quota_n6_B3_r2_quota,quota,"{""n"":6,""B"":3,""r"":2,""protocol"":""quota""}","{""p"":""0..2"",""a"":""0..2"",""seen"":""0/1""}","[[0,0,0,0,0,0],[0,0,0,0,0,0],[0,0,0,0,0,0]]",SAFE_EXHAUSTIVE,431,431,2112,2000000,False,3.657,,,,NOT_APPLICABLE,
A_quota_n7_B3_r2_local,quota,"{""n"":7,""B"":3,""r"":2,""protocol"":""local""}","{""p"":""0..2"",""a"":""0..2"",""seen"":""0/1""}","[[0,0,0,0,0,0,0],[0,0,0,0,0,0,0],[0,0,0,0,0,0,0]]",COUNTEREXAMPLE,371,129,958,2000000,False,1.306,4,traces/A_quota_n7_B3_r2_local.json,TARGET_UNSAFE,PASS,
A_quota_n7_B3_r2_pairwise,quota,"{""n"":7,""B"":3,""r"":2,""protocol"":""pairwise""}","{""p"":""0..2"",""a"":""0..2"",""seen"":""0/1""}","[[0,0,0,0,0,0,0],[0,0,0,0,0,0,0],[0,0,0,0,0,0,0]]",COUNTEREXAMPLE,400,130,1015,2000000,False,2.098,4,traces/A_quota_n7_B3_r2_pairwise.json,TARGET_UNSAFE,PASS,
A_quota_n7_B3_r2_check_then_commit,quota,"{""n"":7,""B"":3,""r"":2,""protocol"":""check_then_commit""}","{""p"":""0..2"",""a"":""0..2"",""seen"":""0/1""}","[[0,0,0,0,0,0,0],[0,0,0,0,0,0,0],[0,0,0,0,0,0,0]]",COUNTEREXAMPLE,5595,3181,18445,2000000,False,35.629,8,traces/A_quota_n7_B3_r2_check_then_commit.json,TARGET_UNSAFE,PASS,
A_quota_n7_B3_r2_quota,quota,"{""n"":7,""B"":3,""r"":2,""protocol"":""quota""}","{""p"":""0..2"",""a"":""0..2"",""seen"":""0/1""}","[[0,0,0,0,0,0,0],[0,0,0,0,0,0,0],[0,0,0,0,0,0,0]]",SAFE_EXHAUSTIVE,652,652,3276,2000000,False,5.532,,,,NOT_APPLICABLE,
A_quota_n8_B3_r2_local,quota,"{""n"":8,""B"":3,""r"":2,""protocol"":""local""}","{""p"":""0..2"",""a"":""0..2"",""seen"":""0/1""}","[[0,0,0,0,0,0,0,0],[0,0,0,0,0,0,0,0],[0,0,0,0,0,0,0,0]]",COUNTEREXAMPLE,546,175,1471,2000000,False,1.89,4,traces/A_quota_n8_B3_r2_local.json,TARGET_UNSAFE,PASS,
A_quota_n8_B3_r2_pairwise,quota,"{""n"":8,""B"":3,""r"":2,""protocol"":""pairwise""}","{""p"":""0..2"",""a"":""0..2"",""seen"":""0/1""}","[[0,0,0,0,0,0,0,0],[0,0,0,0,0,0,0,0],[0,0,0,0,0,0,0,0]]",COUNTEREXAMPLE,583,176,1544,2000000,False,3.15,4,traces/A_quota_n8_B3_r2_pairwise.json,TARGET_UNSAFE,PASS,
A_quota_n8_B3_r2_check_then_commit,quota,"{""n"":8,""B"":3,""r"":2,""protocol"":""check_then_commit""}","{""p"":""0..2"",""a"":""0..2"",""seen"":""0/1""}","[[0,0,0,0,0,0,0,0],[0,0,0,0,0,0,0,0],[0,0,0,0,0,0,0,0]]",COUNTEREXAMPLE,11550,6076,41312,2000000,False,69.953,8,traces/A_quota_n8_B3_r2_check_then_commit.json,TARGET_UNSAFE,PASS,
A_quota_n8_B3_r2_quota,quota,"{""n"":8,""B"":3,""r"":2,""protocol"":""quota""}","{""p"":""0..2"",""a"":""0..2"",""seen"":""0/1""}","[[0,0,0,0,0,0,0,0],[0,0,0,0,0,0,0,0],[0,0,0,0,0,0,0,0]]",SAFE_EXHAUSTIVE,937,937,4800,2000000,False,7.868,,,,NOT_APPLICABLE,
A_quota_n2_B4_r1_local,quota,"{""n"":2,""B"":4,""r"":1,""protocol"":""local""}","{""p"":""0..1"",""a"":""0..1"",""seen"":""0/1""}","[[0,0],[0,0],[0,0]]",SAFE_EXHAUSTIVE,16,16,40,2000000,False,0.064,,,,NOT_APPLICABLE,
A_quota_n2_B4_r1_pairwise,quota,"{""n"":2,""B"":4,""r"":1,""protocol"":""pairwise""}","{""p"":""0..1"",""a"":""0..1"",""seen"":""0/1""}","[[0,0],[0,0],[0,0]]",SAFE_EXHAUSTIVE,16,16,40,2000000,False,0.068,,,,NOT_APPLICABLE,
A_quota_n2_B4_r1_check_then_commit,quota,"{""n"":2,""B"":4,""r"":1,""protocol"":""check_then_commit""}","{""p"":""0..1"",""a"":""0..1"",""seen"":""0/1""}","[[0,0],[0,0],[0,0]]",SAFE_EXHAUSTIVE,9,9,12,2000000,False,0.024,,,,NOT_APPLICABLE,
A_quota_n2_B4_r1_quota,quota,"{""n"":2,""B"":4,""r"":1,""protocol"":""quota""}","{""p"":""0..1"",""a"":""0..1"",""seen"":""0/1""}","[[0,0],[0,0],[0,0]]",SAFE_EXHAUSTIVE,9,9,24,2000000,False,0.038,,,,NOT_APPLICABLE,
A_quota_n3_B4_r1_local,quota,"{""n"":3,""B"":4,""r"":1,""protocol"":""local""}","{""p"":""0..1"",""a"":""0..1"",""seen"":""0/1""}","[[0,0,0],[0,0,0],[0,0,0]]",SAFE_EXHAUSTIVE,64,64,240,2000000,False,0.645,,,,NOT_APPLICABLE,
A_quota_n3_B4_r1_pairwise,quota,"{""n"":3,""B"":4,""r"":1,""protocol"":""pairwise""}","{""p"":""0..1"",""a"":""0..1"",""seen"":""0/1""}","[[0,0,0],[0,0,0],[0,0,0]]",SAFE_EXHAUSTIVE,64,64,240,2000000,False,0.396,,,,NOT_APPLICABLE,
A_quota_n3_B4_r1_check_then_commit,quota,"{""n"":3,""B"":4,""r"":1,""protocol"":""check_then_commit""}","{""p"":""0..1"",""a"":""0..1"",""seen"":""0/1""}","[[0,0,0],[0,0,0],[0,0,0]]",SAFE_EXHAUSTIVE,27,27,54,2000000,False,0.097,,,,NOT_APPLICABLE,
A_quota_n3_B4_r1_quota,quota,"{""n"":3,""B"":4,""r"":1,""protocol"":""quota""}","{""p"":""0..1"",""a"":""0..1"",""seen"":""0/1""}","[[0,0,0],[0,0,0],[0,0,0]]",SAFE_EXHAUSTIVE,27,27,108,2000000,False,0.156,,,,NOT_APPLICABLE,
A_quota_n4_B4_r1_local,quota,"{""n"":4,""B"":4,""r"":1,""protocol"":""local""}","{""p"":""0..1"",""a"":""0..1"",""seen"":""0/1""}","[[0,0,0,0],[0,0,0,0],[0,0,0,0]]",SAFE_EXHAUSTIVE,256,256,1280,2000000,False,1.755,,,,NOT_APPLICABLE,
A_quota_n4_B4_r1_pairwise,quota,"{""n"":4,""B"":4,""r"":1,""protocol"":""pairwise""}","{""p"":""0..1"",""a"":""0..1"",""seen"":""0/1""}","[[0,0,0,0],[0,0,0,0],[0,0,0,0]]",SAFE_EXHAUSTIVE,256,256,1280,2000000,False,2.839,,,,NOT_APPLICABLE,
A_quota_n4_B4_r1_check_then_commit,quota,"{""n"":4,""B"":4,""r"":1,""protocol"":""check_then_commit""}","{""p"":""0..1"",""a"":""0..1"",""seen"":""0/1""}","[[0,0,0,0],[0,0,0,0],[0,0,0,0]]",SAFE_EXHAUSTIVE,81,81,216,2000000,False,0.35,,,,NOT_APPLICABLE,
A_quota_n4_B4_r1_quota,quota,"{""n"":4,""B"":4,""r"":1,""protocol"":""quota""}","{""p"":""0..1"",""a"":""0..1"",""seen"":""0/1""}","[[0,0,0,0],[0,0,0,0],[0,0,0,0]]",SAFE_EXHAUSTIVE,81,81,432,2000000,False,0.598,,,,NOT_APPLICABLE,
A_quota_n5_B4_r1_local,quota,"{""n"":5,""B"":4,""r"":1,""protocol"":""local""}","{""p"":""0..1"",""a"":""0..1"",""seen"":""0/1""}","[[0,0,0,0,0],[0,0,0,0,0],[0,0,0,0,0]]",COUNTEREXAMPLE,296,165,1060,2000000,False,1.532,5,traces/A_quota_n5_B4_r1_local.json,TARGET_UNSAFE,PASS,
A_quota_n5_B4_r1_pairwise,quota,"{""n"":5,""B"":4,""r"":1,""protocol"":""pairwise""}","{""p"":""0..1"",""a"":""0..1"",""seen"":""0/1""}","[[0,0,0,0,0],[0,0,0,0,0],[0,0,0,0,0]]",COUNTEREXAMPLE,296,165,1060,2000000,False,2.07,5,traces/A_quota_n5_B4_r1_pairwise.json,TARGET_UNSAFE,PASS,
A_quota_n5_B4_r1_check_then_commit,quota,"{""n"":5,""B"":4,""r"":1,""protocol"":""check_then_commit""}","{""p"":""0..1"",""a"":""0..1"",""seen"":""0/1""}","[[0,0,0,0,0],[0,0,0,0,0],[0,0,0,0,0]]",COUNTEREXAMPLE,243,243,805,2000000,False,1.248,10,traces/A_quota_n5_B4_r1_check_then_commit.json,TARGET_UNSAFE,PASS,
A_quota_n5_B4_r1_quota,quota,"{""n"":5,""B"":4,""r"":1,""protocol"":""quota""}","{""p"":""0..1"",""a"":""0..1"",""seen"":""0/1""}","[[0,0,0,0,0],[0,0,0,0,0],[0,0,0,0,0]]",SAFE_EXHAUSTIVE,211,211,1300,2000000,False,1.817,,,,NOT_APPLICABLE,
A_quota_n6_B4_r1_local,quota,"{""n"":6,""B"":4,""r"":1,""protocol"":""local""}","{""p"":""0..1"",""a"":""0..1"",""seen"":""0/1""}","[[0,0,0,0,0,0],[0,0,0,0,0,0],[0,0,0,0,0,0]]",COUNTEREXAMPLE,562,274,2088,2000000,False,2.652,5,traces/A_quota_n6_B4_r1_local.json,TARGET_UNSAFE,PASS,
A_quota_n6_B4_r1_pairwise,quota,"{""n"":6,""B"":4,""r"":1,""protocol"":""pairwise""}","{""p"":""0..1"",""a"":""0..1"",""seen"":""0/1""}","[[0,0,0,0,0,0],[0,0,0,0,0,0],[0,0,0,0,0,0]]",COUNTEREXAMPLE,562,274,2088,2000000,False,6.534,5,traces/A_quota_n6_B4_r1_pairwise.json,TARGET_UNSAFE,PASS,
A_quota_n6_B4_r1_check_then_commit,quota,"{""n"":6,""B"":4,""r"":1,""protocol"":""check_then_commit""}","{""p"":""0..1"",""a"":""0..1"",""seen"":""0/1""}","[[0,0,0,0,0,0],[0,0,0,0,0,0],[0,0,0,0,0,0]]",COUNTEREXAMPLE,722,702,2814,2000000,False,4.499,10,traces/A_quota_n6_B4_r1_check_then_commit.json,TARGET_UNSAFE,PASS,
A_quota_n6_B4_r1_quota,quota,"{""n"":6,""B"":4,""r"":1,""protocol"":""quota""}","{""p"":""0..1"",""a"":""0..1"",""seen"":""0/1""}","[[0,0,0,0,0,0],[0,0,0,0,0,0],[0,0,0,0,0,0]]",SAFE_EXHAUSTIVE,473,473,3144,2000000,False,5.421,,,,NOT_APPLICABLE,
A_quota_n7_B4_r1_local,quota,"{""n"":7,""B"":4,""r"":1,""protocol"":""local""}","{""p"":""0..1"",""a"":""0..1"",""seen"":""0/1""}","[[0,0,0,0,0,0,0],[0,0,0,0,0,0,0],[0,0,0,0,0,0,0]]",COUNTEREXAMPLE,980,427,3752,2000000,False,5.149,5,traces/A_quota_n7_B4_r1_local.json,TARGET_UNSAFE,PASS,
A_quota_n7_B4_r1_pairwise,quota,"{""n"":7,""B"":4,""r"":1,""protocol"":""pairwise""}","{""p"":""0..1"",""a"":""0..1"",""seen"":""0/1""}","[[0,0,0,0,0,0,0],[0,0,0,0,0,0,0],[0,0,0,0,0,0,0]]",COUNTEREXAMPLE,980,427,3752,2000000,False,6.193,5,traces/A_quota_n7_B4_r1_pairwise.json,TARGET_UNSAFE,PASS,
A_quota_n7_B4_r1_check_then_commit,quota,"{""n"":7,""B"":4,""r"":1,""protocol"":""check_then_commit""}","{""p"":""0..1"",""a"":""0..1"",""seen"":""0/1""}","[[0,0,0,0,0,0,0],[0,0,0,0,0,0,0],[0,0,0,0,0,0,0]]",COUNTEREXAMPLE,2074,1914,9149,2000000,False,14.916,10,traces/A_quota_n7_B4_r1_check_then_commit.json,TARGET_UNSAFE,PASS,
A_quota_n7_B4_r1_quota,quota,"{""n"":7,""B"":4,""r"":1,""protocol"":""quota""}","{""p"":""0..1"",""a"":""0..1"",""seen"":""0/1""}","[[0,0,0,0,0,0,0],[0,0,0,0,0,0,0],[0,0,0,0,0,0,0]]",SAFE_EXHAUSTIVE,939,939,6524,2000000,False,10.309,,,,NOT_APPLICABLE,
A_quota_n8_B4_r1_local,quota,"{""n"":8,""B"":4,""r"":1,""protocol"":""local""}","{""p"":""0..1"",""a"":""0..1"",""seen"":""0/1""}","[[0,0,0,0,0,0,0,0],[0,0,0,0,0,0,0,0],[0,0,0,0,0,0,0,0]]",COUNTEREXAMPLE,1604,634,6296,2000000,False,10.349,5,traces/A_quota_n8_B4_r1_local.json,TARGET_UNSAFE,PASS,
A_quota_n8_B4_r1_pairwise,quota,"{""n"":8,""B"":4,""r"":1,""protocol"":""pairwise""}","{""p"":""0..1"",""a"":""0..1"",""seen"":""0/1""}","[[0,0,0,0,0,0,0,0],[0,0,0,0,0,0,0,0],[0,0,0,0,0,0,0,0]]",COUNTEREXAMPLE,1604,634,6296,2000000,False,11.859,5,traces/A_quota_n8_B4_r1_pairwise.json,TARGET_UNSAFE,PASS,
A_quota_n8_B4_r1_check_then_commit,quota,"{""n"":8,""B"":4,""r"":1,""protocol"":""check_then_commit""}","{""p"":""0..1"",""a"":""0..1"",""seen"":""0/1""}","[[0,0,0,0,0,0,0,0],[0,0,0,0,0,0,0,0],[0,0,0,0,0,0,0,0]]",COUNTEREXAMPLE,5634,4851,27360,2000000,False,46.219,10,traces/A_quota_n8_B4_r1_check_then_commit.json,TARGET_UNSAFE,PASS,
A_quota_n8_B4_r1_quota,quota,"{""n"":8,""B"":4,""r"":1,""protocol"":""quota""}","{""p"":""0..1"",""a"":""0..1"",""seen"":""0/1""}","[[0,0,0,0,0,0,0,0],[0,0,0,0,0,0,0,0],[0,0,0,0,0,0,0,0]]",SAFE_EXHAUSTIVE,1697,1697,12128,2000000,False,19.916,,,,NOT_APPLICABLE,
A_quota_n2_B4_r2_local,quota,"{""n"":2,""B"":4,""r"":2,""protocol"":""local""}","{""p"":""0..2"",""a"":""0..2"",""seen"":""0/1""}","[[0,0],[0,0],[0,0]]",SAFE_EXHAUSTIVE,49,49,126,2000000,False,0.357,,,,NOT_APPLICABLE,
A_quota_n2_B4_r2_pairwise,quota,"{""n"":2,""B"":4,""r"":2,""protocol"":""pairwise""}","{""p"":""0..2"",""a"":""0..2"",""seen"":""0/1""}","[[0,0],[0,0],[0,0]]",SAFE_EXHAUSTIVE,49,49,126,2000000,False,0.233,,,,NOT_APPLICABLE,
A_quota_n2_B4_r2_check_then_commit,quota,"{""n"":2,""B"":4,""r"":2,""protocol"":""check_then_commit""}","{""p"":""0..2"",""a"":""0..2"",""seen"":""0/1""}","[[0,0],[0,0],[0,0]]",SAFE_EXHAUSTIVE,25,25,40,2000000,False,0.075,,,,NOT_APPLICABLE,
A_quota_n2_B4_r2_quota,quota,"{""n"":2,""B"":4,""r"":2,""protocol"":""quota""}","{""p"":""0..2"",""a"":""0..2"",""seen"":""0/1""}","[[0,0],[0,0],[0,0]]",SAFE_EXHAUSTIVE,36,36,144,2000000,False,0.201,,,,NOT_APPLICABLE,
A_quota_n3_B4_r2_local,quota,"{""n"":3,""B"":4,""r"":2,""protocol"":""local""}","{""p"":""0..2"",""a"":""0..2"",""seen"":""0/1""}","[[0,0,0],[0,0,0],[0,0,0]]",COUNTEREXAMPLE,80,48,175,2000000,False,0.257,5,traces/A_quota_n3_B4_r2_local.json,TARGET_UNSAFE,PASS,
A_quota_n3_B4_r2_pairwise,quota,"{""n"":3,""B"":4,""r"":2,""protocol"":""pairwise""}","{""p"":""0..2"",""a"":""0..2"",""seen"":""0/1""}","[[0,0,0],[0,0,0],[0,0,0]]",COUNTEREXAMPLE,80,48,175,2000000,False,0.323,5,traces/A_quota_n3_B4_r2_pairwise.json,TARGET_UNSAFE,PASS,
A_quota_n3_B4_r2_check_then_commit,quota,"{""n"":3,""B"":4,""r"":2,""protocol"":""check_then_commit""}","{""p"":""0..2"",""a"":""0..2"",""seen"":""0/1""}","[[0,0,0],[0,0,0],[0,0,0]]",COUNTEREXAMPLE,121,116,273,2000000,False,0.505,10,traces/A_quota_n3_B4_r2_check_then_commit.json,TARGET_UNSAFE,PASS,
A_quota_n3_B4_r2_quota,quota,"{""n"":3,""B"":4,""r"":2,""protocol"":""quota""}","{""p"":""0..2"",""a"":""0..2"",""seen"":""0/1""}","[[0,0,0],[0,0,0],[0,0,0]]",SAFE_EXHAUSTIVE,135,135,684,2000000,False,0.974,,,,NOT_APPLICABLE,
A_quota_n4_B4_r2_local,quota,"{""n"":4,""B"":4,""r"":2,""protocol"":""local""}","{""p"":""0..2"",""a"":""0..2"",""seen"":""0/1""}","[[0,0,0,0],[0,0,0,0],[0,0,0,0]]",COUNTEREXAMPLE,171,89,419,2000000,False,0.851,5,traces/A_quota_n4_B4_r2_local.json,TARGET_UNSAFE,PASS,
A_quota_n4_B4_r2_pairwise,quota,"{""n"":4,""B"":4,""r"":2,""protocol"":""pairwise""}","{""p"":""0..2"",""a"":""0..2"",""seen"":""0/1""}","[[0,0,0,0],[0,0,0,0],[0,0,0,0]]",COUNTEREXAMPLE,171,89,419,2000000,False,0.75,5,traces/A_quota_n4_B4_r2_pairwise.json,TARGET_UNSAFE,PASS,
A_quota_n4_B4_r2_check_then_commit,quota,"{""n"":4,""B"":4,""r"":2,""protocol"":""check_then_commit""}","{""p"":""0..2"",""a"":""0..2"",""seen"":""0/1""}","[[0,0,0,0],[0,0,0,0],[0,0,0,0]]",COUNTEREXAMPLE,503,436,1380,2000000,False,2.207,10,traces/A_quota_n4_B4_r2_check_then_commit.json,TARGET_UNSAFE,PASS,
A_quota_n4_B4_r2_quota,quota,"{""n"":4,""B"":4,""r"":2,""protocol"":""quota""}","{""p"":""0..2"",""a"":""0..2"",""seen"":""0/1""}","[[0,0,0,0],[0,0,0,0],[0,0,0,0]]",SAFE_EXHAUSTIVE,363,363,2048,2000000,False,2.77,,,,NOT_APPLICABLE,
A_quota_n5_B4_r2_local,quota,"{""n"":5,""B"":4,""r"":2,""protocol"":""local""}","{""p"":""0..2"",""a"":""0..2"",""seen"":""0/1""}","[[0,0,0,0,0],[0,0,0,0,0],[0,0,0,0,0]]",COUNTEREXAMPLE,326,152,871,2000000,False,1.622,5,traces/A_quota_n5_B4_r2_local.json,TARGET_UNSAFE,PASS,
A_quota_n5_B4_r2_pairwise,quota,"{""n"":5,""B"":4,""r"":2,""protocol"":""pairwise""}","{""p"":""0..2"",""a"":""0..2"",""seen"":""0/1""}","[[0,0,0,0,0],[0,0,0,0,0],[0,0,0,0,0]]",COUNTEREXAMPLE,326,152,871,2000000,False,1.599,5,traces/A_quota_n5_B4_r2_pairwise.json,TARGET_UNSAFE,PASS,
A_quota_n5_B4_r2_check_then_commit,quota,"{""n"":5,""B"":4,""r"":2,""protocol"":""check_then_commit""}","{""p"":""0..2"",""a"":""0..2"",""seen"":""0/1""}","[[0,0,0,0,0],[0,0,0,0,0],[0,0,0,0,0]]",COUNTEREXAMPLE,1753,1373,5555,2000000,False,9.312,10,traces/A_quota_n5_B4_r2_check_then_commit.json,TARGET_UNSAFE,PASS,
A_quota_n5_B4_r2_quota,quota,"{""n"":5,""B"":4,""r"":2,""protocol"":""quota""}","{""p"":""0..2"",""a"":""0..2"",""seen"":""0/1""}","[[0,0,0,0,0],[0,0,0,0,0],[0,0,0,0,0]]",SAFE_EXHAUSTIVE,796,796,4780,2000000,False,6.818,,,,NOT_APPLICABLE,
A_quota_n6_B4_r2_local,quota,"{""n"":6,""B"":4,""r"":2,""protocol"":""local""}","{""p"":""0..2"",""a"":""0..2"",""seen"":""0/1""}","[[0,0,0,0,0,0],[0,0,0,0,0,0],[0,0,0,0,0,0]]",COUNTEREXAMPLE,574,244,1642,2000000,False,3.08,5,traces/A_quota_n6_B4_r2_local.json,TARGET_UNSAFE,PASS,
A_quota_n6_B4_r2_pairwise,quota,"{""n"":6,""B"":4,""r"":2,""protocol"":""pairwise""}","{""p"":""0..2"",""a"":""0..2"",""seen"":""0/1""}","[[0,0,0,0,0,0],[0,0,0,0,0,0],[0,0,0,0,0,0]]",COUNTEREXAMPLE,574,244,1642,2000000,False,3.006,5,traces/A_quota_n6_B4_r2_pairwise.json,TARGET_UNSAFE,PASS,
A_quota_n6_B4_r2_check_then_commit,quota,"{""n"":6,""B"":4,""r"":2,""protocol"":""check_then_commit""}","{""p"":""0..2"",""a"":""0..2"",""seen"":""0/1""}","[[0,0,0,0,0,0],[0,0,0,0,0,0],[0,0,0,0,0,0]]",COUNTEREXAMPLE,5251,3746,18708,2000000,False,33.774,10,traces/A_quota_n6_B4_r2_check_then_commit.json,TARGET_UNSAFE,PASS,
A_quota_n6_B4_r2_quota,quota,"{""n"":6,""B"":4,""r"":2,""protocol"":""quota""}","{""p"":""0..2"",""a"":""0..2"",""seen"":""0/1""}","[[0,0,0,0,0,0],[0,0,0,0,0,0],[0,0,0,0,0,0]]",SAFE_EXHAUSTIVE,1526,1526,9552,2000000,False,15.48,,,,NOT_APPLICABLE,
A_quota_n7_B4_r2_local,quota,"{""n"":7,""B"":4,""r"":2,""protocol"":""local""}","{""p"":""0..2"",""a"":""0..2"",""seen"":""0/1""}","[[0,0,0,0,0,0,0],[0,0,0,0,0,0,0],[0,0,0,0,0,0,0]]",COUNTEREXAMPLE,952,373,2878,2000000,False,5.506,5,traces/A_quota_n7_B4_r2_local.json,TARGET_UNSAFE,PASS,
A_quota_n7_B4_r2_pairwise,quota,"{""n"":7,""B"":4,""r"":2,""protocol"":""pairwise""}","{""p"":""0..2"",""a"":""0..2"",""seen"":""0/1""}","[[0,0,0,0,0,0,0],[0,0,0,0,0,0,0],[0,0,0,0,0,0,0]]",COUNTEREXAMPLE,952,373,2878,2000000,False,5.824,5,traces/A_quota_n7_B4_r2_pairwise.json,TARGET_UNSAFE,PASS,
A_quota_n7_B4_r2_check_then_commit,quota,"{""n"":7,""B"":4,""r"":2,""protocol"":""check_then_commit""}","{""p"":""0..2"",""a"":""0..2"",""seen"":""0/1""}","[[0,0,0,0,0,0,0],[0,0,0,0,0,0,0],[0,0,0,0,0,0,0]]",COUNTEREXAMPLE,13925,9131,54698,2000000,False,95.539,10,traces/A_quota_n7_B4_r2_check_then_commit.json,TARGET_UNSAFE,PASS,
A_quota_n7_B4_r2_quota,quota,"{""n"":7,""B"":4,""r"":2,""protocol"":""quota""}","{""p"":""0..2"",""a"":""0..2"",""seen"":""0/1""}","[[0,0,0,0,0,0,0],[0,0,0,0,0,0,0],[0,0,0,0,0,0,0]]",SAFE_EXHAUSTIVE,2661,2661,17164,2000000,False,27.469,,,,NOT_APPLICABLE,
A_quota_n8_B4_r2_local,quota,"{""n"":8,""B"":4,""r"":2,""protocol"":""local""}","{""p"":""0..2"",""a"":""0..2"",""seen"":""0/1""}","[[0,0,0,0,0,0,0,0],[0,0,0,0,0,0,0,0],[0,0,0,0,0,0,0,0]]",COUNTEREXAMPLE,1506,548,4765,2000000,False,6.832,5,traces/A_quota_n8_B4_r2_local.json,TARGET_UNSAFE,PASS,
A_quota_n8_B4_r2_pairwise,quota,"{""n"":8,""B"":4,""r"":2,""protocol"":""pairwise""}","{""p"":""0..2"",""a"":""0..2"",""seen"":""0/1""}","[[0,0,0,0,0,0,0,0],[0,0,0,0,0,0,0,0],[0,0,0,0,0,0,0,0]]",COUNTEREXAMPLE,1506,548,4765,2000000,False,10.352,5,traces/A_quota_n8_B4_r2_pairwise.json,TARGET_UNSAFE,PASS,
A_quota_n8_B4_r2_check_then_commit,quota,"{""n"":8,""B"":4,""r"":2,""protocol"":""check_then_commit""}","{""p"":""0..2"",""a"":""0..2"",""seen"":""0/1""}","[[0,0,0,0,0,0,0,0],[0,0,0,0,0,0,0,0],[0,0,0,0,0,0,0,0]]",COUNTEREXAMPLE,33490,20351,142800,2000000,False,252.537,10,traces/A_quota_n8_B4_r2_check_then_commit.json,TARGET_UNSAFE,PASS,
A_quota_n8_B4_r2_quota,quota,"{""n"":8,""B"":4,""r"":2,""protocol"":""quota""}","{""p"":""0..2"",""a"":""0..2"",""seen"":""0/1""}","[[0,0,0,0,0,0,0,0],[0,0,0,0,0,0,0,0],[0,0,0,0,0,0,0,0]]",SAFE_EXHAUSTIVE,4325,4325,28544,2000000,False,50.298,,,,NOT_APPLICABLE,
