model,n,capacity,local_max,protocol,safe,discovered_states,explored_transitions,counterexample_steps,runtime_ms
bridge,2,1,1,local,False,9,16,4,0.023
bridge,2,1,1,check_then_enter,False,16,28,6,0.033
bridge,2,1,1,token,True,16,34,,0.02
bridge,3,1,1,local,False,23,51,4,0.026
bridge,3,1,1,check_then_enter,False,54,120,6,0.083
bridge,3,1,1,token,True,44,120,,0.06
bridge,4,1,1,local,False,50,124,4,0.057
bridge,4,1,1,check_then_enter,False,150,389,6,0.296
bridge,4,1,1,token,True,112,368,,0.18
bridge,5,1,1,local,False,96,255,4,0.12
bridge,5,1,1,check_then_enter,False,358,1038,6,0.667
bridge,5,1,1,token,True,272,1040,,0.68
bridge,6,1,1,local,False,168,468,4,0.417
bridge,6,1,1,check_then_enter,False,761,2400,6,1.796
bridge,6,1,1,token,True,640,2784,,1.654
bridge,7,1,1,local,False,274,791,4,0.41
bridge,7,1,1,check_then_enter,False,1479,4980,6,3.211
bridge,7,1,1,token,True,1472,7168,,4.042
bridge,8,1,1,local,False,423,1256,4,0.567
bridge,8,1,1,check_then_enter,False,2678,9503,6,6.55
bridge,8,1,1,token,True,3328,17920,,10.087
bridge,9,1,1,local,False,625,1899,4,0.923
bridge,9,1,1,check_then_enter,False,4580,16968,6,12.206
bridge,9,1,1,token,True,7424,43776,,25.144
bridge,10,1,1,local,False,891,2760,4,1.632
bridge,10,1,1,check_then_enter,False,7474,28708,6,21.237
bridge,10,1,1,token,True,16384,104960,,64.337
quota,2,1,1,local,False,4,4,2,0.011
quota,2,1,1,pairwise,True,3,2,,0.01
quota,2,1,1,check_then_commit,False,9,10,4,0.012
quota,2,1,1,quota,True,5,8,,0.008
quota,3,1,1,local,False,7,9,2,0.006
quota,3,1,1,pairwise,True,4,3,,0.008
quota,3,1,1,check_then_commit,False,23,30,4,0.025
quota,3,1,1,quota,True,7,12,,0.01
quota,4,1,1,local,False,11,16,2,0.034
quota,4,1,1,pairwise,True,5,4,,0.011
quota,4,1,1,check_then_commit,False,50,72,4,0.054
quota,4,1,1,quota,True,9,16,,0.014
quota,5,1,1,local,False,16,25,2,0.013
quota,5,1,1,pairwise,True,6,5,,0.016
quota,5,1,1,check_then_commit,False,96,150,4,0.166
quota,5,1,1,quota,True,11,20,,0.02
quota,6,1,1,local,False,22,36,2,0.023
quota,6,1,1,pairwise,True,7,6,,0.026
quota,6,1,1,check_then_commit,False,168,282,4,0.197
quota,6,1,1,quota,True,13,24,,0.023
quota,7,1,1,local,False,29,49,2,0.023
quota,7,1,1,pairwise,True,8,7,,0.031
quota,7,1,1,check_then_commit,False,274,490,4,0.34
quota,7,1,1,quota,True,15,28,,0.029
quota,8,1,1,local,False,37,64,2,0.031
quota,8,1,1,pairwise,True,9,8,,0.041
quota,8,1,1,check_then_commit,False,423,800,4,0.864
quota,8,1,1,quota,True,17,32,,0.038
quota,2,1,2,local,False,6,6,2,0.005
quota,2,1,2,pairwise,True,3,2,,0.008
quota,2,1,2,check_then_commit,False,9,10,4,0.009
quota,2,1,2,quota,True,5,8,,0.006
quota,3,1,2,local,False,10,12,2,0.006
quota,3,1,2,pairwise,True,4,3,,0.008
quota,3,1,2,check_then_commit,False,23,30,4,0.024
quota,3,1,2,quota,True,7,12,,0.01
quota,4,1,2,local,False,15,20,2,0.01
quota,4,1,2,pairwise,True,5,4,,0.012
quota,4,1,2,check_then_commit,False,50,72,4,0.052
quota,4,1,2,quota,True,9,16,,0.014
quota,5,1,2,local,False,21,30,2,0.014
quota,5,1,2,pairwise,True,6,5,,0.018
quota,5,1,2,check_then_commit,False,96,150,4,0.104
quota,5,1,2,quota,True,11,20,,0.018
quota,6,1,2,local,False,28,42,2,0.019
quota,6,1,2,pairwise,True,7,6,,0.024
quota,6,1,2,check_then_commit,False,168,282,4,0.187
quota,6,1,2,quota,True,13,24,,0.023
quota,7,1,2,local,False,36,56,2,0.024
quota,7,1,2,pairwise,True,8,7,,0.033
quota,7,1,2,check_then_commit,False,274,490,4,0.319
quota,7,1,2,quota,True,15,28,,0.031
quota,8,1,2,local,False,45,72,2,0.049
quota,8,1,2,pairwise,True,9,8,,0.048
quota,8,1,2,check_then_commit,False,423,800,4,0.531
quota,8,1,2,quota,True,17,32,,0.038
quota,2,2,1,local,True,4,4,,0.004
quota,2,2,1,pairwise,True,4,4,,0.005
quota,2,2,1,check_then_commit,True,9,12,,0.01
quota,2,2,1,quota,True,9,24,,0.014
quota,3,2,1,local,False,8,12,3,0.008
quota,3,2,1,pairwise,False,8,12,3,0.012
quota,3,2,1,check_then_commit,False,27,51,6,0.037
quota,3,2,1,quota,True,19,60,,0.034
quota,4,2,1,local,False,15,28,3,0.016
quota,4,2,1,pairwise,False,15,28,3,0.026
quota,4,2,1,check_then_commit,False,76,172,6,0.144
quota,4,2,1,quota,True,33,112,,0.069
quota,5,2,1,local,False,26,55,3,0.029
quota,5,2,1,pairwise,False,26,55,3,0.054
quota,5,2,1,check_then_commit,False,192,490,6,0.33
quota,5,2,1,quota,True,51,180,,0.114
quota,6,2,1,local,False,42,96,3,0.051
quota,6,2,1,pairwise,False,42,96,3,0.094
quota,6,2,1,check_then_commit,False,435,1218,6,0.91
quota,6,2,1,quota,True,73,264,,0.169
quota,7,2,1,local,False,64,154,3,0.066
quota,7,2,1,pairwise,False,64,154,3,0.142
quota,7,2,1,check_then_commit,False,897,2709,6,1.886
quota,7,2,1,quota,True,99,364,,0.263
quota,8,2,1,local,False,93,232,3,0.103
quota,8,2,1,pairwise,False,93,232,3,0.231
quota,8,2,1,check_then_commit,False,1711,5504,6,3.849
quota,8,2,1,quota,True,129,480,,0.34
quota,2,2,2,local,False,8,10,3,0.007
quota,2,2,2,pairwise,True,6,6,,0.011
quota,2,2,2,check_then_commit,False,21,28,6,0.021
quota,2,2,2,quota,True,15,40,,0.021
quota,3,2,2,local,False,17,27,3,0.014
quota,3,2,2,pairwise,False,11,15,3,0.02
quota,3,2,2,check_then_commit,False,69,111,6,0.074
quota,3,2,2,quota,True,28,84,,0.055
quota,4,2,2,local,False,31,56,3,0.026
quota,4,2,2,pairwise,False,19,32,3,0.043
quota,4,2,2,check_then_commit,False,184,340,6,0.228
quota,4,2,2,quota,True,45,144,,0.084
quota,5,2,2,local,False,51,100,3,0.043
quota,5,2,2,pairwise,False,31,60,3,0.075
quota,5,2,2,check_then_commit,False,422,880,6,0.566
quota,5,2,2,quota,True,66,220,,0.141
quota,6,2,2,local,False,78,162,3,0.066
quota,6,2,2,pairwise,False,48,102,3,0.124
quota,6,2,2,check_then_commit,False,867,2010,6,1.613
quota,6,2,2,quota,True,91,312,,0.235
quota,7,2,2,local,False,113,245,3,0.114
quota,7,2,2,pairwise,False,71,161,3,0.231
quota,7,2,2,check_then_commit,False,1639,4165,6,5.731
quota,7,2,2,quota,True,120,420,,0.367
quota,8,2,2,local,False,157,352,3,0.158
quota,8,2,2,pairwise,False,101,240,3,0.305
quota,8,2,2,check_then_commit,False,2903,7984,6,5.965
quota,8,2,2,quota,True,153,544,,0.541
quota,2,3,1,local,True,4,4,,0.005
quota,2,3,1,pairwise,True,4,4,,0.006
quota,2,3,1,check_then_commit,True,9,12,,0.01
quota,2,3,1,quota,True,9,24,,0.014
quota,3,3,1,local,True,8,12,,0.008
quota,3,3,1,pairwise,True,8,12,,0.012
quota,3,3,1,check_then_commit,True,27,54,,0.039
quota,3,3,1,quota,True,27,108,,0.053
quota,4,3,1,local,False,16,32,4,0.021
quota,4,3,1,pairwise,False,16,32,4,0.032
quota,4,3,1,check_then_commit,False,81,212,8,0.14
quota,4,3,1,quota,True,65,304,,0.151
quota,5,3,1,local,False,31,75,4,0.04
quota,5,3,1,pairwise,False,31,75,4,0.07
quota,5,3,1,check_then_commit,False,237,740,8,0.477
quota,5,3,1,quota,True,131,660,,0.336
quota,6,3,1,local,False,57,156,4,0.073
quota,6,3,1,pairwise,False,57,156,4,0.144
quota,6,3,1,check_then_commit,False,651,2304,8,1.756
quota,6,3,1,quota,True,233,1224,,0.767
quota,7,3,1,local,False,99,294,4,0.144
quota,7,3,1,pairwise,False,99,294,4,0.31
quota,7,3,1,check_then_commit,False,1647,6412,8,4.188
quota,7,3,1,quota,True,379,2044,,1.298
quota,8,3,1,local,False,163,512,4,0.224
quota,8,3,1,pairwise,False,163,512,4,0.533
quota,8,3,1,check_then_commit,False,3834,16096,8,11.497
quota,8,3,1,quota,True,577,3168,,2.18
quota,2,3,2,local,False,9,12,4,0.011
quota,2,3,2,pairwise,True,8,10,,0.015
quota,2,3,2,check_then_commit,False,25,38,8,0.029
quota,2,3,2,quota,True,27,96,,0.046
quota,3,3,2,local,False,23,42,4,0.023
quota,3,3,2,pairwise,False,20,36,4,0.035
quota,3,3,2,check_then_commit,False,105,207,8,0.14
quota,3,3,2,quota,True,72,300,,0.143
quota,4,3,2,local,False,50,108,4,0.051
quota,4,3,2,pairwise,False,44,96,4,0.166
quota,4,3,2,check_then_commit,False,355,828,8,0.515
quota,4,3,2,quota,True,149,672,,0.331
quota,5,3,2,local,False,96,230,4,0.098
quota,5,3,2,pairwise,False,86,210,4,0.195
quota,5,3,2,check_then_commit,False,1007,2690,8,1.771
quota,5,3,2,quota,True,266,1260,,0.675
quota,6,3,2,local,False,168,432,4,0.202
quota,6,3,2,pairwise,False,153,402,4,0.439
quota,6,3,2,check_then_commit,False,2499,7482,8,5.556
quota,6,3,2,quota,True,431,2112,,1.385
quota,7,3,2,local,False,274,742,4,0.342
quota,7,3,2,pairwise,False,253,700,4,0.781
quota,7,3,2,check_then_commit,False,5595,18445,8,12.942
quota,7,3,2,quota,True,652,3276,,2.205
quota,8,3,2,local,False,423,1192,4,0.491
quota,8,3,2,pairwise,False,395,1136,4,1.152
quota,8,3,2,check_then_commit,False,11550,41312,8,31.306
quota,8,3,2,quota,True,937,4800,,3.264
quota,2,4,1,local,True,4,4,,0.005
quota,2,4,1,pairwise,True,4,4,,0.006
quota,2,4,1,check_then_commit,True,9,12,,0.01
quota,2,4,1,quota,True,9,24,,0.013
quota,3,4,1,local,True,8,12,,0.171
quota,3,4,1,pairwise,True,8,12,,0.016
quota,3,4,1,check_then_commit,True,27,54,,0.042
quota,3,4,1,quota,True,27,108,,0.054
quota,4,4,1,local,True,16,32,,0.021
quota,4,4,1,pairwise,True,16,32,,0.032
quota,4,4,1,check_then_commit,True,81,216,,0.155
quota,4,4,1,quota,True,81,432,,0.202
quota,5,4,1,local,False,32,80,5,0.043
quota,5,4,1,pairwise,False,32,80,5,0.082
quota,5,4,1,check_then_commit,False,243,805,10,0.534
quota,5,4,1,quota,True,211,1300,,0.676
quota,6,4,1,local,False,63,186,5,0.101
quota,6,4,1,pairwise,False,63,186,5,0.176
quota,6,4,1,check_then_commit,False,722,2814,10,1.887
quota,6,4,1,quota,True,473,3144,,1.544
quota,7,4,1,local,False,120,399,5,0.213
quota,7,4,1,pairwise,False,120,399,5,0.445
quota,7,4,1,check_then_commit,False,2074,9149,10,8.033
quota,7,4,1,quota,True,939,6524,,3.995
quota,8,4,1,local,False,219,792,5,0.542
quota,8,4,1,pairwise,False,219,792,5,0.853
quota,8,4,1,check_then_commit,False,5634,27360,10,19.581
quota,8,4,1,quota,True,1697,12128,,7.811
quota,2,4,2,local,True,9,12,,0.009
quota,2,4,2,pairwise,True,9,12,,0.012
quota,2,4,2,check_then_commit,True,25,40,,0.028
quota,2,4,2,quota,True,36,144,,0.134
quota,3,4,2,local,False,26,51,5,0.033
quota,3,4,2,pairwise,False,26,51,5,0.043
quota,3,4,2,check_then_commit,False,121,273,10,0.166
quota,3,4,2,quota,True,135,684,,0.295
quota,4,4,2,local,False,66,160,5,0.072
quota,4,4,2,pairwise,False,66,160,5,0.128
quota,4,4,2,check_then_commit,False,503,1380,10,0.826
quota,4,4,2,quota,True,363,2048,,0.95
quota,5,4,2,local,False,147,405,5,0.17
quota,5,4,2,pairwise,False,147,405,5,0.34
quota,5,4,2,check_then_commit,False,1753,5555,10,3.675
quota,5,4,2,quota,True,796,4780,,2.742
quota,6,4,2,local,False,294,882,5,0.524
quota,6,4,2,pairwise,False,294,882,5,0.877
quota,6,4,2,check_then_commit,False,5251,18708,10,12.535
quota,6,4,2,quota,True,1526,9552,,5.347
quota,7,4,2,local,False,540,1722,5,0.936
quota,7,4,2,pairwise,False,540,1722,5,1.871
quota,7,4,2,check_then_commit,False,13925,54698,10,37.722
quota,7,4,2,quota,True,2661,17164,,11.472
quota,8,4,2,local,False,927,3096,5,1.727
quota,8,4,2,pairwise,False,927,3096,5,3.316
quota,8,4,2,check_then_commit,False,33490,142800,10,112.125
quota,8,4,2,quota,True,4325,28544,,20.47
