n,capacity,local_max,pairwise_implies_global,checked_assignments,witness
2,1,1,True,4,
3,1,1,True,8,
4,1,1,True,16,
5,1,1,True,32,
6,1,1,True,64,
7,1,1,True,128,
8,1,1,True,256,
2,1,2,True,9,
3,1,2,True,27,
4,1,2,True,81,
5,1,2,True,243,
6,1,2,True,729,
7,1,2,True,2187,
8,1,2,True,6561,
2,1,3,True,16,
3,1,3,True,64,
4,1,3,True,256,
5,1,3,True,1024,
6,1,3,True,4096,
7,1,3,True,16384,
8,1,3,True,65536,
2,2,1,True,4,
3,2,1,False,8,"(1, 1, 1)"
4,2,1,False,8,"(0, 1, 1, 1)"
5,2,1,False,8,"(0, 0, 1, 1, 1)"
6,2,1,False,8,"(0, 0, 0, 1, 1, 1)"
7,2,1,False,8,"(0, 0, 0, 0, 1, 1, 1)"
8,2,1,False,8,"(0, 0, 0, 0, 0, 1, 1, 1)"
2,2,2,True,9,
3,2,2,False,14,"(1, 1, 1)"
4,2,2,False,14,"(0, 1, 1, 1)"
5,2,2,False,14,"(0, 0, 1, 1, 1)"
6,2,2,False,14,"(0, 0, 0, 1, 1, 1)"
7,2,2,False,14,"(0, 0, 0, 0, 1, 1, 1)"
8,2,2,False,14,"(0, 0, 0, 0, 0, 1, 1, 1)"
2,2,3,True,16,
3,2,3,False,22,"(1, 1, 1)"
4,2,3,False,22,"(0, 1, 1, 1)"
5,2,3,False,22,"(0, 0, 1, 1, 1)"
6,2,3,False,22,"(0, 0, 0, 1, 1, 1)"
7,2,3,False,22,"(0, 0, 0, 0, 1, 1, 1)"
8,2,3,False,22,"(0, 0, 0, 0, 0, 1, 1, 1)"
2,3,1,True,4,
3,3,1,True,8,
4,3,1,False,16,"(1, 1, 1, 1)"
5,3,1,False,16,"(0, 1, 1, 1, 1)"
6,3,1,False,16,"(0, 0, 1, 1, 1, 1)"
7,3,1,False,16,"(0, 0, 0, 1, 1, 1, 1)"
8,3,1,False,16,"(0, 0, 0, 0, 1, 1, 1, 1)"
2,3,2,True,9,
3,3,2,False,15,"(1, 1, 2)"
4,3,2,False,15,"(0, 1, 1, 2)"
5,3,2,False,15,"(0, 0, 1, 1, 2)"
6,3,2,False,15,"(0, 0, 0, 1, 1, 2)"
7,3,2,False,15,"(0, 0, 0, 0, 1, 1, 2)"
8,3,2,False,15,"(0, 0, 0, 0, 0, 1, 1, 2)"
2,3,3,True,16,
3,3,3,False,23,"(1, 1, 2)"
4,3,3,False,23,"(0, 1, 1, 2)"
5,3,3,False,23,"(0, 0, 1, 1, 2)"
6,3,3,False,23,"(0, 0, 0, 1, 1, 2)"
7,3,3,False,23,"(0, 0, 0, 0, 1, 1, 2)"
8,3,3,False,23,"(0, 0, 0, 0, 0, 1, 1, 2)"
2,4,1,True,4,
3,4,1,True,8,
4,4,1,True,16,
5,4,1,False,32,"(1, 1, 1, 1, 1)"
6,4,1,False,32,"(0, 1, 1, 1, 1, 1)"
7,4,1,False,32,"(0, 0, 1, 1, 1, 1, 1)"
8,4,1,False,32,"(0, 0, 0, 1, 1, 1, 1, 1)"
2,4,2,True,9,
3,4,2,False,18,"(1, 2, 2)"
4,4,2,False,18,"(0, 1, 2, 2)"
5,4,2,False,18,"(0, 0, 1, 2, 2)"
6,4,2,False,18,"(0, 0, 0, 1, 2, 2)"
7,4,2,False,18,"(0, 0, 0, 0, 1, 2, 2)"
8,4,2,False,18,"(0, 0, 0, 0, 0, 1, 2, 2)"
2,4,3,True,16,
3,4,3,False,24,"(1, 1, 3)"
4,4,3,False,24,"(0, 1, 1, 3)"
5,4,3,False,24,"(0, 0, 1, 1, 3)"
6,4,3,False,24,"(0, 0, 0, 1, 1, 3)"
7,4,3,False,24,"(0, 0, 0, 0, 1, 1, 3)"
8,4,3,False,24,"(0, 0, 0, 0, 0, 1, 1, 3)"
2,5,1,True,4,
3,5,1,True,8,
4,5,1,True,16,
5,5,1,True,32,
6,5,1,False,64,"(1, 1, 1, 1, 1, 1)"
7,5,1,False,64,"(0, 1, 1, 1, 1, 1, 1)"
8,5,1,False,64,"(0, 0, 1, 1, 1, 1, 1, 1)"
2,5,2,True,9,
3,5,2,False,27,"(2, 2, 2)"
4,5,2,False,27,"(0, 2, 2, 2)"
5,5,2,False,27,"(0, 0, 2, 2, 2)"
6,5,2,False,27,"(0, 0, 0, 2, 2, 2)"
7,5,2,False,27,"(0, 0, 0, 0, 2, 2, 2)"
8,5,2,False,27,"(0, 0, 0, 0, 0, 2, 2, 2)"
2,5,3,True,16,
3,5,3,False,28,"(1, 2, 3)"
4,5,3,False,28,"(0, 1, 2, 3)"
5,5,3,False,28,"(0, 0, 1, 2, 3)"
6,5,3,False,28,"(0, 0, 0, 1, 2, 3)"
7,5,3,False,28,"(0, 0, 0, 0, 1, 2, 3)"
8,5,3,False,28,"(0, 0, 0, 0, 0, 1, 2, 3)"
